figure,name,figurePartId,refs,partNumber,description,quantity,mappedPointers,numericContours,retainedMasks,labelOnly,baselinePointers,addedPointers,remainingExpected,countStatus,reviewRequired,sourceReview,sourceEvidence,remarks,drawing,reviewUrl
"fig-filters-1-1","Filters","fp-1-1-01","1","36-00304","Air filter element, powersports, round taper, clamp-on, cotton gauze, oiled, red, 6.00 in. od, 3.00 in. id, 3.00 in. tall, rubber cap, each","1","1","1","0","0","1","0","0","match","false","","All table-quantity instances identified on the inspected source plate; contour detail remains subject to existing partial-geometry notes.","","/drawings/ft3w/ft3w-filters-1-1.png","/review/figures/fig-filters-1-1"
"fig-filters-1-1","Filters","fp-1-1-02","2","31-00469","Hatz fuel filter element with seals","1","1","1","0","0","1","0","0","match","false","","All table-quantity instances identified on the inspected source plate; contour detail remains subject to existing partial-geometry notes.","","/drawings/ft3w/ft3w-filters-1-1.png","/review/figures/fig-filters-1-1"
"fig-filters-1-1","Filters","fp-1-1-03","3","56-00007","Hydraulic oil cartridge","2","1","1","0","0","1","0","1","shortfall","true","","Representative filter plate contains one orange hydraulic cartridge only; the two physical installation instances are depicted in Hydraulic 4.1, not duplicated on Filters 1.1.","","/drawings/ft3w/ft3w-filters-1-1.png","/review/figures/fig-filters-1-1"
"fig-filters-1-1","Filters","fp-1-1-04","4","35-00068","Air filter donaldson","1","1","1","0","0","1","0","0","match","false","","All table-quantity instances identified on the inspected source plate; contour detail remains subject to existing partial-geometry notes.","","/drawings/ft3w/ft3w-filters-1-1.png","/review/figures/fig-filters-1-1"
"fig-filters-1-1","Filters","fp-1-1-05","5","30-00040","Hatz oil filter","1","1","1","0","0","1","0","0","match","false","","All table-quantity instances identified on the inspected source plate; contour detail remains subject to existing partial-geometry notes.","","/drawings/ft3w/ft3w-filters-1-1.png","/review/figures/fig-filters-1-1"
"fig-filters-1-1","Filters","fp-1-1-06","6","31-00471","Fuel pre filter hatz edg","1","1","1","0","0","1","0","0","match","false","","All table-quantity instances identified on the inspected source plate; contour detail remains subject to existing partial-geometry notes.","","/drawings/ft3w/ft3w-filters-1-1.png","/review/figures/fig-filters-1-1"
"fig-frame-assy-2-1","Bumper and hitch receiver","fp-2-1-01","1","82-00127","Pintle hook","1","1","1","0","0","1","0","0","match","false","","All table-quantity instances identified on the inspected source plate; contour detail remains subject to existing partial-geometry notes.","TOW PACKAGE OPTION (88-00023)","/drawings/ft3w/review-source-20260908/ft3w-frame-assy-2-1.png","/review/figures/fig-frame-assy-2-1"
"fig-frame-assy-2-1","Bumper and hitch receiver","fp-2-1-02","2","10-404012-122","Hex drive flat head m4 x 0.7 x 12 zinc plated class 10.9","3","2","2","0","0","1","1","1","shortfall","true","","Source table explicitly states: MIDDLE NOT SHOWN. No contours invented for these omitted locations.","MIDDLE NOT SHOWN","/drawings/ft3w/review-source-20260908/ft3w-frame-assy-2-1.png","/review/figures/fig-frame-assy-2-1"
"fig-frame-assy-2-1","Bumper and hitch receiver","fp-2-1-03","3","13-110020-122","Zinc-plated steel washer, din 125, m10 screw size, 10.5 mm id, 20 mm od","3","2","2","0","0","1","1","1","shortfall","true","","Source table explicitly states: MIDDLE NOT SHOWN. No contours invented for these omitted locations.","MIDDLE NOT SHOWN","/drawings/ft3w/review-source-20260908/ft3w-frame-assy-2-1.png","/review/figures/fig-frame-assy-2-1"
"fig-frame-assy-2-1","Bumper and hitch receiver","fp-2-1-04","4","12-210000-12","M10 hex flanged nut","3","2","2","0","0","1","1","1","shortfall","true","","Source table explicitly states: MIDDLE NOT SHOWN. No contours invented for these omitted locations.","MIDDLE NOT SHOWN","/drawings/ft3w/review-source-20260908/ft3w-frame-assy-2-1.png","/review/figures/fig-frame-assy-2-1"
"fig-frame-assy-2-1","Bumper and hitch receiver","fp-2-1-05","5","70-02270","Receiver hitch bumper","1","1","1","0","0","1","0","0","match","false","","All table-quantity instances identified on the inspected source plate; contour detail remains subject to existing partial-geometry notes.","FRONT OR REAR BUMPER","/drawings/ft3w/review-source-20260908/ft3w-frame-assy-2-1.png","/review/figures/fig-frame-assy-2-1"
"fig-frame-assy-2-1","Bumper and hitch receiver","fp-2-1-06","6","19-00210","NONSLIP UNTHREADED BUMPER WITH UNTHREADED HOLE, 2-1/2 LONG x 5/8"" WIDE x 1/4"" HIGH""","2","1","1","0","0","1","0","1","shortfall","true","","Source table explicitly states: OTHER SIDE NOT SHOWN. No contours invented for these omitted locations.","OTHER SIDE NOT SHOWN","/drawings/ft3w/review-source-20260908/ft3w-frame-assy-2-1.png","/review/figures/fig-frame-assy-2-1"
"fig-frame-assy-2-1","Bumper and hitch receiver","fp-2-1-07","7","62-00881","Door stopper shim","2","1","1","0","0","1","0","1","shortfall","true","","Source table explicitly states: OTHER SIDE NOT SHOWN. No contours invented for these omitted locations.","OTHER SIDE NOT SHOWN","/drawings/ft3w/review-source-20260908/ft3w-frame-assy-2-1.png","/review/figures/fig-frame-assy-2-1"
"fig-frame-assy-2-1","Bumper and hitch receiver","fp-2-1-09","","10-110100-121","Hex screw din 931 m10 x 1.5 x 100 - zinc plated - class 8.8","2","0","0","0","0","0","0","2","unmapped","true","","Source table explicitly states: NOT SHOWN. No contours invented for these omitted locations.","NOT SHOWN","/drawings/ft3w/review-source-20260908/ft3w-frame-assy-2-1.png","/review/figures/fig-frame-assy-2-1"
"fig-frame-assy-2-1","Bumper and hitch receiver","fp-2-1-08","","10-210016-121","M10 x 16 hex flanged screw","4","0","0","0","0","0","0","4","unmapped","true","","Source table explicitly states: NOT SHOWN. No contours invented for these omitted locations.","NOT SHOWN","/drawings/ft3w/review-source-20260908/ft3w-frame-assy-2-1.png","/review/figures/fig-frame-assy-2-1"
"fig-frame-assy-2-2","Bumper and winch (option 88-00262 / 88-00263)","fp-2-2-01","1","82-00127","Pintle hook","1","1","1","0","0","1","0","0","match","false","","All table-quantity instances identified on the inspected source plate; contour detail remains subject to existing partial-geometry notes.","TOW PACKAGE OPTION (88-00023)","/drawings/ft3w/ft3w-frame-assy-2-2.png","/review/figures/fig-frame-assy-2-2"
"fig-frame-assy-2-2","Bumper and winch (option 88-00262 / 88-00263)","fp-2-2-02","2","87-00136","Winch fairlead","1","1","1","0","0","1","0","0","match","false","","All table-quantity instances identified on the inspected source plate; contour detail remains subject to existing partial-geometry notes.","","/drawings/ft3w/ft3w-frame-assy-2-2.png","/review/figures/fig-frame-assy-2-2"
"fig-frame-assy-2-2","Bumper and winch (option 88-00262 / 88-00263)","fp-2-2-03","3","80-00013","Winch mounted hitch receiver","1","1","1","0","0","1","0","0","match","false","","All table-quantity instances identified on the inspected source plate; contour detail remains subject to existing partial-geometry notes.","","/drawings/ft3w/ft3w-frame-assy-2-2.png","/review/figures/fig-frame-assy-2-2"
"fig-frame-assy-2-2","Bumper and winch (option 88-00262 / 88-00263)","fp-2-2-04","4","10-710050-145","M12 threaded rod studs","4","4","4","0","0","4","0","0","match","false","","All table-quantity instances identified on the inspected source plate; contour detail remains subject to existing partial-geometry notes.","","/drawings/ft3w/ft3w-frame-assy-2-2.png","/review/figures/fig-frame-assy-2-2"
"fig-frame-assy-2-2","Bumper and winch (option 88-00262 / 88-00263)","fp-2-2-05","5","87-00320","Front winch bumper","1","1","1","0","0","1","0","0","match","false","","All table-quantity instances identified on the inspected source plate; contour detail remains subject to existing partial-geometry notes.","","/drawings/ft3w/ft3w-frame-assy-2-2.png","/review/figures/fig-frame-assy-2-2"
"fig-frame-assy-2-2","Bumper and winch (option 88-00262 / 88-00263)","fp-2-2-06","6","87-00107","Warn 81400 contactor","1","1","1","0","0","1","0","0","match","false","","All table-quantity instances identified on the inspected source plate; contour detail remains subject to existing partial-geometry notes.","","/drawings/ft3w/ft3w-frame-assy-2-2.png","/review/figures/fig-frame-assy-2-2"
"fig-frame-assy-2-2","Bumper and winch (option 88-00262 / 88-00263)","fp-2-2-07","7","87-00071","8000 lbs winch","1","1","1","0","0","1","0","0","match","false","","All table-quantity instances identified on the inspected source plate; contour detail remains subject to existing partial-geometry notes.","","/drawings/ft3w/ft3w-frame-assy-2-2.png","/review/figures/fig-frame-assy-2-2"
"fig-frame-assy-2-2","Bumper and winch (option 88-00262 / 88-00263)","fp-2-2-08","8","62-00881","Door stopper shim","2","1","1","0","0","1","0","1","shortfall","true","","Source table explicitly states: FOR ADJSUTMENT - OTHER SIDE NOT SHOWN. No contours invented for these omitted locations.","FOR ADJSUTMENT - OTHER SIDE NOT SHOWN","/drawings/ft3w/ft3w-frame-assy-2-2.png","/review/figures/fig-frame-assy-2-2"
"fig-frame-assy-2-2","Bumper and winch (option 88-00262 / 88-00263)","fp-2-2-09","9","19-00210","NONSLIP UNTHREADED BUMPER WITH UNTHREADED HOLE, 2-1/2 LONG x 5/8"" WIDE x 1/4"" HIGH""","2","1","1","0","0","1","0","1","shortfall","true","","Source table explicitly states: OTHER SIDE NOT SHOWN. No contours invented for these omitted locations.","OTHER SIDE NOT SHOWN","/drawings/ft3w/ft3w-frame-assy-2-2.png","/review/figures/fig-frame-assy-2-2"
"fig-frame-assy-2-2","Bumper and winch (option 88-00262 / 88-00263)","fp-2-2-10","10","10-110100-121","Hex screw din 931 m10 x 1.5 x 100 - zinc plated - class 8.8","3","2","2","0","0","1","1","1","shortfall","true","","Source table explicitly states: MIDDLE NOT SHOWN. No contours invented for these omitted locations.","MIDDLE NOT SHOWN","/drawings/ft3w/ft3w-frame-assy-2-2.png","/review/figures/fig-frame-assy-2-2"
"fig-frame-assy-2-2","Bumper and winch (option 88-00262 / 88-00263)","fp-2-2-11","11","13-110020-122","Zinc-plated steel washer, din 125, m10 screw size, 10.5 mm id, 20 mm od","3","2","2","0","0","1","1","1","shortfall","true","","Source table explicitly states: MIDDLE NOT SHOWN. No contours invented for these omitted locations.","MIDDLE NOT SHOWN","/drawings/ft3w/ft3w-frame-assy-2-2.png","/review/figures/fig-frame-assy-2-2"
"fig-frame-assy-2-2","Bumper and winch (option 88-00262 / 88-00263)","fp-2-2-12","12","12-210000-122","Hex flanged nut top lock din 6927 m10 x 1.5 - zinc plated - class 10","3","2","2","0","0","1","1","1","shortfall","true","","Source table explicitly states: MIDDLE NOT SHOWN. No contours invented for these omitted locations.","MIDDLE NOT SHOWN","/drawings/ft3w/ft3w-frame-assy-2-2.png","/review/figures/fig-frame-assy-2-2"
"fig-frame-assy-2-2","Bumper and winch (option 88-00262 / 88-00263)","fp-2-2-17","17","87-00332","Roller type fairlead 10''","1","0","0","0","0","0","0","1","unmapped","true","","No source-supported visible contour or unique same-reference pointer established on inspected plate; row remains withheld.","SPECIAL FAIRLEAD WITH LOW PROFILE ROLLERS","/drawings/ft3w/ft3w-frame-assy-2-2.png","/review/figures/fig-frame-assy-2-2"
"fig-frame-assy-2-2","Bumper and winch (option 88-00262 / 88-00263)","fp-2-2-13","","10-504020-120","Door stopper screw","4","0","0","0","0","0","0","4","unmapped","true","","Source table explicitly states: NOT SHOWN - FOR 19-00210. No contours invented for these omitted locations.","NOT SHOWN - FOR 19-00210","/drawings/ft3w/ft3w-frame-assy-2-2.png","/review/figures/fig-frame-assy-2-2"
"fig-frame-assy-2-2","Bumper and winch (option 88-00262 / 88-00263)","fp-2-2-14","","12-504000-121","MEDIUM-STRENGTH STEEL NYLON-INSERT LOCKNUT, CLASS 8, ZINC-PLATED, M4 X 0.7 mm THREAD","4","0","0","0","0","0","0","4","unmapped","true","","Source table explicitly states: NOT SHOWN - FOR 19-00210. No contours invented for these omitted locations.","NOT SHOWN - FOR 19-00210","/drawings/ft3w/ft3w-frame-assy-2-2.png","/review/figures/fig-frame-assy-2-2"
"fig-frame-assy-2-2","Bumper and winch (option 88-00262 / 88-00263)","fp-2-2-16","","87-00195","Winch remote","1","0","0","0","0","0","0","1","unmapped","true","","Source table explicitly states: NOT SHOWN - REPLACEMENT PART. No contours invented for these omitted locations.","NOT SHOWN - REPLACEMENT PART","/drawings/ft3w/ft3w-frame-assy-2-2.png","/review/figures/fig-frame-assy-2-2"
"fig-frame-assy-2-2","Bumper and winch (option 88-00262 / 88-00263)","fp-2-2-15","","87-00329","Warn winch rope 8000 lbs 100ft","1","0","0","0","0","0","0","1","unmapped","true","","Source table explicitly states: NOT SHOWN - REPLACEMENT PART. No contours invented for these omitted locations.","NOT SHOWN - REPLACEMENT PART","/drawings/ft3w/ft3w-frame-assy-2-2.png","/review/figures/fig-frame-assy-2-2"
"fig-drive-system-3-1","Hydraulic motor assembly","fp-3-1-01","1","51-00045","Hydraulic motor (poclain mse08)","1","1","1","0","0","1","0","0","match","false","","All table-quantity instances identified on the inspected source plate; contour detail remains subject to existing partial-geometry notes.","WITH AIR GAP","/drawings/ft3w/review-source-20260908/ft3w-drive-system-3-1.png","/review/figures/fig-drive-system-3-1"
"fig-drive-system-3-1","Hydraulic motor assembly","fp-3-1-02","2","10-316060-121","Socket head screw m16 x 2.0 x 60 class 12.9","10","10","10","0","0","1","9","0","match","false","","All table-quantity instances identified on the inspected source plate; contour detail remains subject to existing partial-geometry notes.","MOUNTING HARDWARE","/drawings/ft3w/review-source-20260908/ft3w-drive-system-3-1.png","/review/figures/fig-drive-system-3-1"
"fig-drive-system-3-1","Hydraulic motor assembly","fp-3-1-03","3","12-216000-122","Hex flanged nut top lock din 6927 m16 x 2 - zinc plated - class 10","10","10","10","0","0","1","9","0","match","false","","All table-quantity instances identified on the inspected source plate; contour detail remains subject to existing partial-geometry notes.","MOUNTING HARDWARE","/drawings/ft3w/review-source-20260908/ft3w-drive-system-3-1.png","/review/figures/fig-drive-system-3-1"
"fig-drive-system-3-1","Hydraulic motor assembly","fp-3-1-04","4","19-00204","WHEEL STUD M14-1.50 / 15.90 KNURL / 78 mm LG","8","8","8","0","0","1","7","0","match","false","","All table-quantity instances identified on the inspected source plate; contour detail remains subject to existing partial-geometry notes.","","/drawings/ft3w/review-source-20260908/ft3w-drive-system-3-1.png","/review/figures/fig-drive-system-3-1"
"fig-drive-system-3-1","Hydraulic motor assembly","fp-3-1-07","","19-00511","Oil resistant o-ring","1","0","0","0","0","0","0","1","unmapped","true","","Source table explicitly states: WHEEL SEAL - NOT SHOWN. No contours invented for these omitted locations.","WHEEL SEAL - NOT SHOWN","/drawings/ft3w/review-source-20260908/ft3w-drive-system-3-1.png","/review/figures/fig-drive-system-3-1"
"fig-drive-system-3-1","Hydraulic motor assembly","fp-3-1-05","","46-00107","Speed sensor","1","0","0","0","0","0","0","1","unmapped","true","","Source table explicitly states: NOT SHOWN. No contours invented for these omitted locations.","NOT SHOWN","/drawings/ft3w/review-source-20260908/ft3w-drive-system-3-1.png","/review/figures/fig-drive-system-3-1"
"fig-drive-system-3-1","Hydraulic motor assembly","fp-3-1-06","","56-00066","Hydraulic motor sound cover","4","0","0","0","0","0","0","4","unmapped","true","","Source table explicitly states: NOT SHOWN. No contours invented for these omitted locations.","NOT SHOWN","/drawings/ft3w/review-source-20260908/ft3w-drive-system-3-1.png","/review/figures/fig-drive-system-3-1"
"fig-hydraulic-4-1","Hydraulic system","fp-4-1-01","1","50-00036","Hydrostatic pump front","1","1","1","0","0","1","0","0","match","false","","All table-quantity instances identified on the inspected source plate; contour detail remains subject to existing partial-geometry notes.","","/drawings/ft3w/ft3w-hydraulic-4-1.png","/review/figures/fig-hydraulic-4-1"
"fig-hydraulic-4-1","Hydraulic system","fp-4-1-02","2","50-00035","Hydrostatic pump rear","1","1","1","0","0","1","0","0","match","false","","All table-quantity instances identified on the inspected source plate; contour detail remains subject to existing partial-geometry notes.","","/drawings/ft3w/ft3w-hydraulic-4-1.png","/review/figures/fig-hydraulic-4-1"
"fig-hydraulic-4-1","Hydraulic system","fp-4-1-03","3","56-00007","Hydraulic oil cartridge","2","2","2","0","0","2","0","0","match","false","","All table-quantity instances identified on the inspected source plate; contour detail remains subject to existing partial-geometry notes.","","/drawings/ft3w/ft3w-hydraulic-4-1.png","/review/figures/fig-hydraulic-4-1"
"fig-hydraulic-4-1","Hydraulic system","fp-4-1-04","4","56-00009","Hydraulic oil filter housing","2","2","2","0","0","2","0","0","match","false","","All table-quantity instances identified on the inspected source plate; contour detail remains subject to existing partial-geometry notes.","","/drawings/ft3w/ft3w-hydraulic-4-1.png","/review/figures/fig-hydraulic-4-1"
"fig-hydraulic-4-1","Hydraulic system","fp-4-1-05","5","56-00019","Manifold","1","1","1","0","0","1","0","0","match","false","","All table-quantity instances identified on the inspected source plate; contour detail remains subject to existing partial-geometry notes.","","/drawings/ft3w/ft3w-hydraulic-4-1.png","/review/figures/fig-hydraulic-4-1"
"fig-hydraulic-4-1","Hydraulic system","fp-4-1-06","6","52-00004","Bloc valve","1","1","1","0","0","1","0","0","match","false","","All table-quantity instances identified on the inspected source plate; contour detail remains subject to existing partial-geometry notes.","","/drawings/ft3w/ft3w-hydraulic-4-1.png","/review/figures/fig-hydraulic-4-1"
"fig-hydraulic-4-1","Hydraulic system","fp-4-1-07","7","56-00035","Pressure transmitter","2","2","2","0","0","2","0","0","match","false","","All table-quantity instances identified on the inspected source plate; contour detail remains subject to existing partial-geometry notes.","","/drawings/ft3w/ft3w-hydraulic-4-1.png","/review/figures/fig-hydraulic-4-1"
"fig-hydraulic-4-1","Hydraulic system","fp-4-1-08","8","59-00037","High pressure filter support","1","1","1","0","0","1","0","0","match","false","","All table-quantity instances identified on the inspected source plate; contour detail remains subject to existing partial-geometry notes.","","/drawings/ft3w/ft3w-hydraulic-4-1.png","/review/figures/fig-hydraulic-4-1"
"fig-hydraulic-4-1","Hydraulic system","fp-4-1-09","9","54-00618","45 deg hyd. fitting","4","2","2","0","0","2","0","2","shortfall","true","","Plate shows only 2 independently identifiable 45 deg hyd. fitting instance(s); remaining locations are occluded or not separately depicted, and quantity alone does not locate them.","2 ON THE OTHER BACKSIDE OF REAR BUMP","/drawings/ft3w/ft3w-hydraulic-4-1.png","/review/figures/fig-hydraulic-4-1"
"fig-hydraulic-4-1","Hydraulic system","fp-4-1-10","10","54-00251","Hydraulic hose adapter","4","2","2","0","0","2","0","2","shortfall","true","","Plate shows only 2 independently identifiable Hydraulic hose adapter instance(s); remaining locations are occluded or not separately depicted, and quantity alone does not locate them.","2 ON THE OTHER BACKSIDE OF REAR BUMP","/drawings/ft3w/ft3w-hydraulic-4-1.png","/review/figures/fig-hydraulic-4-1"
"fig-hydraulic-4-1","Hydraulic system","fp-4-1-11","11","54-00901","Hydraulic hose adapter","2","2","2","0","0","2","0","0","match","false","","All table-quantity instances identified on the inspected source plate; contour detail remains subject to existing partial-geometry notes.","","/drawings/ft3w/ft3w-hydraulic-4-1.png","/review/figures/fig-hydraulic-4-1"
"fig-hydraulic-4-1","Hydraulic system","fp-4-1-12","12","54-01131","Hyd. fitting","1","1","1","0","0","1","0","0","match","false","","All table-quantity instances identified on the inspected source plate; contour detail remains subject to existing partial-geometry notes.","","/drawings/ft3w/ft3w-hydraulic-4-1.png","/review/figures/fig-hydraulic-4-1"
"fig-hydraulic-4-1","Hydraulic system","fp-4-1-13","13","54-00098","Hydraulic hose adpater","1","1","1","0","0","1","0","0","match","false","","All table-quantity instances identified on the inspected source plate; contour detail remains subject to existing partial-geometry notes.","","/drawings/ft3w/ft3w-hydraulic-4-1.png","/review/figures/fig-hydraulic-4-1"
"fig-hydraulic-4-1","Hydraulic system","fp-4-1-14","14","54-00024","Hyd. fitting","3","3","3","0","0","3","0","0","match","false","","All table-quantity instances identified on the inspected source plate; contour detail remains subject to existing partial-geometry notes.","","/drawings/ft3w/ft3w-hydraulic-4-1.png","/review/figures/fig-hydraulic-4-1"
"fig-hydraulic-4-1","Hydraulic system","fp-4-1-15","15","54-00047","Hyd. tee fitting","1","1","1","0","0","1","0","0","match","false","","All table-quantity instances identified on the inspected source plate; contour detail remains subject to existing partial-geometry notes.","","/drawings/ft3w/ft3w-hydraulic-4-1.png","/review/figures/fig-hydraulic-4-1"
"fig-hydraulic-4-1","Hydraulic system","fp-4-1-16","16","54-00457","Hyd. fitting","1","1","1","0","0","1","0","0","match","false","","All table-quantity instances identified on the inspected source plate; contour detail remains subject to existing partial-geometry notes.","","/drawings/ft3w/ft3w-hydraulic-4-1.png","/review/figures/fig-hydraulic-4-1"
"fig-hydraulic-4-1","Hydraulic system","fp-4-1-17","17","54-00041","Hyd. fitting","1","1","1","0","0","1","0","0","match","false","","All table-quantity instances identified on the inspected source plate; contour detail remains subject to existing partial-geometry notes.","","/drawings/ft3w/ft3w-hydraulic-4-1.png","/review/figures/fig-hydraulic-4-1"
"fig-hydraulic-4-1","Hydraulic system","fp-4-1-18","18","54-00045","Hyd. fitting","2","2","2","0","0","2","0","0","match","false","","All table-quantity instances identified on the inspected source plate; contour detail remains subject to existing partial-geometry notes.","","/drawings/ft3w/ft3w-hydraulic-4-1.png","/review/figures/fig-hydraulic-4-1"
"fig-hydraulic-4-1","Hydraulic system","fp-4-1-19","19","54-01083","90 deg hyd. fitting","1","1","1","0","0","1","0","0","match","false","","All table-quantity instances identified on the inspected source plate; contour detail remains subject to existing partial-geometry notes.","","/drawings/ft3w/ft3w-hydraulic-4-1.png","/review/figures/fig-hydraulic-4-1"
"fig-hydraulic-4-1","Hydraulic system","fp-4-1-20","20","54-01032","Hyd. fitting","2","2","2","0","0","2","0","0","match","false","","All table-quantity instances identified on the inspected source plate; contour detail remains subject to existing partial-geometry notes.","","/drawings/ft3w/ft3w-hydraulic-4-1.png","/review/figures/fig-hydraulic-4-1"
"fig-hydraulic-4-1","Hydraulic system","fp-4-1-21","21","19-00340","Plug","1","1","1","0","0","1","0","0","match","false","","All table-quantity instances identified on the inspected source plate; contour detail remains subject to existing partial-geometry notes.","","/drawings/ft3w/ft3w-hydraulic-4-1.png","/review/figures/fig-hydraulic-4-1"
"fig-hydraulic-4-1","Hydraulic system","fp-4-1-22","22","54-00749","Hyd. stauff test point fitting","1","1","1","0","0","1","0","0","match","false","","All table-quantity instances identified on the inspected source plate; contour detail remains subject to existing partial-geometry notes.","","/drawings/ft3w/ft3w-hydraulic-4-1.png","/review/figures/fig-hydraulic-4-1"
"fig-hydraulic-4-1","Hydraulic system","fp-4-1-23","23","52-00031","Thermostatic valve","1","1","1","0","0","1","0","0","match","false","","All table-quantity instances identified on the inspected source plate; contour detail remains subject to existing partial-geometry notes.","","/drawings/ft3w/ft3w-hydraulic-4-1.png","/review/figures/fig-hydraulic-4-1"
"fig-hydraulic-4-1","Hydraulic system","fp-4-1-24","24","54-00980","Hyd. fitting plug","2","2","2","0","0","2","0","0","match","false","","All table-quantity instances identified on the inspected source plate; contour detail remains subject to existing partial-geometry notes.","","/drawings/ft3w/ft3w-hydraulic-4-1.png","/review/figures/fig-hydraulic-4-1"
"fig-hydraulic-4-1","Hydraulic system","fp-4-1-25","25","54-00385","Hydraulic hose fitting","4","2","2","0","0","2","0","2","shortfall","true","","Two loose Ref.25 fittings are visible beside manifold; table locates additional fittings one on each pump, but dense pump port outlines do not establish separable visible contours for them.","1 LOCATED ON EACH PUMP","/drawings/ft3w/ft3w-hydraulic-4-1.png","/review/figures/fig-hydraulic-4-1"
"fig-hydraulic-4-1","Hydraulic system","fp-4-1-26","26","54-00800","Hydraulic hose adapter","2","1","1","0","0","1","0","1","shortfall","true","","Only one isolated Ref.26 adapter is drawn at bottom right; no second uniquely identifiable adapter contour or leader exists on this plate.","","/drawings/ft3w/ft3w-hydraulic-4-1.png","/review/figures/fig-hydraulic-4-1"
"fig-hydraulic-4-2","Hydraulic fan","fp-4-2-01","1","34-00582","Radiator","1","1","1","0","0","1","0","0","match","false","","All table-quantity instances identified on the inspected source plate; contour detail remains subject to existing partial-geometry notes.","","/drawings/ft3w/ft3w-hydraulic-4-2.png","/review/figures/fig-hydraulic-4-2"
"fig-hydraulic-4-2","Hydraulic fan","fp-4-2-02","2","34-00599","Fan shroud","1","1","1","0","0","1","0","0","match","false","","All table-quantity instances identified on the inspected source plate; contour detail remains subject to existing partial-geometry notes.","","/drawings/ft3w/ft3w-hydraulic-4-2.png","/review/figures/fig-hydraulic-4-2"
"fig-hydraulic-4-2","Hydraulic fan","fp-4-2-03","3","34-00194","Pusher fan 17/8-8/40/pag/1hr/p .948 (4).265 1.575","1","1","1","0","0","1","0","0","match","false","","All table-quantity instances identified on the inspected source plate; contour detail remains subject to existing partial-geometry notes.","","/drawings/ft3w/ft3w-hydraulic-4-2.png","/review/figures/fig-hydraulic-4-2"
"fig-hydraulic-4-2","Hydraulic fan","fp-4-2-04","4","34-00596","Fan motor support","1","1","1","0","0","1","0","0","match","false","","All table-quantity instances identified on the inspected source plate; contour detail remains subject to existing partial-geometry notes.","","/drawings/ft3w/ft3w-hydraulic-4-2.png","/review/figures/fig-hydraulic-4-2"
"fig-hydraulic-4-2","Hydraulic fan","fp-4-2-05","5","51-00006","Gear motor","1","1","1","0","0","1","0","0","match","false","","All table-quantity instances identified on the inspected source plate; contour detail remains subject to existing partial-geometry notes.","","/drawings/ft3w/ft3w-hydraulic-4-2.png","/review/figures/fig-hydraulic-4-2"
"fig-hydraulic-4-2","Hydraulic fan","fp-4-2-06","6","34-00581","Surge tank assembly","1","1","1","0","0","1","0","0","match","false","","All table-quantity instances identified on the inspected source plate; contour detail remains subject to existing partial-geometry notes.","","/drawings/ft3w/ft3w-hydraulic-4-2.png","/review/figures/fig-hydraulic-4-2"
"fig-hydraulic-4-2","Hydraulic fan","fp-4-2-07","7","34-00946","Radiator mount","4","1","1","0","0","1","0","3","shortfall","true","","Plate shows only 1 independently identifiable Radiator mount instance(s); remaining locations are occluded or not separately depicted, and quantity alone does not locate them.","","/drawings/ft3w/ft3w-hydraulic-4-2.png","/review/figures/fig-hydraulic-4-2"
"fig-hydraulic-4-2","Hydraulic fan","fp-4-2-08","8","19-00739","Radiator bushing support","4","1","1","0","0","1","0","3","shortfall","true","","Plate shows only 1 independently identifiable Radiator bushing support instance(s); remaining locations are occluded or not separately depicted, and quantity alone does not locate them.","","/drawings/ft3w/ft3w-hydraulic-4-2.png","/review/figures/fig-hydraulic-4-2"
"fig-hydraulic-4-2","Hydraulic fan","fp-4-2-09","9","34-00947","Upper radiator support","2","2","2","0","0","1","1","0","match","false","","All table-quantity instances identified on the inspected source plate; contour detail remains subject to existing partial-geometry notes.","","/drawings/ft3w/ft3w-hydraulic-4-2.png","/review/figures/fig-hydraulic-4-2"
"fig-hydraulic-4-2","Hydraulic fan","fp-4-2-10","10","34-00778","Fan spacer","2","1","1","0","0","1","0","1","shortfall","true","","Plate shows only 1 independently identifiable Fan spacer instance(s); remaining locations are occluded or not separately depicted, and quantity alone does not locate them.","","/drawings/ft3w/ft3w-hydraulic-4-2.png","/review/figures/fig-hydraulic-4-2"
"fig-hydraulic-4-2","Hydraulic fan","fp-4-2-11","11","34-00099","Fan hub","1","1","1","0","0","1","0","0","match","false","","All table-quantity instances identified on the inspected source plate; contour detail remains subject to existing partial-geometry notes.","","/drawings/ft3w/ft3w-hydraulic-4-2.png","/review/figures/fig-hydraulic-4-2"
"fig-hydraulic-4-2","Hydraulic fan","fp-4-2-12","12","34-00504","Heater hoses dia 5/16''","2","1","1","0","0","1","0","1","shortfall","true","","Plate shows only 1 independently identifiable Heater hoses dia 5/16'' instance(s); remaining locations are occluded or not separately depicted, and quantity alone does not locate them.","","/drawings/ft3w/ft3w-hydraulic-4-2.png","/review/figures/fig-hydraulic-4-2"
"fig-hydraulic-4-2","Hydraulic fan","fp-4-2-13","13","54-00615","Hyd. hose","1","1","1","0","0","1","0","0","match","false","","All table-quantity instances identified on the inspected source plate; contour detail remains subject to existing partial-geometry notes.","","/drawings/ft3w/ft3w-hydraulic-4-2.png","/review/figures/fig-hydraulic-4-2"
"fig-hydraulic-4-2","Hydraulic fan","fp-4-2-14","14","52-00103","Fan relief","1","1","1","0","0","1","0","0","match","false","","All table-quantity instances identified on the inspected source plate; contour detail remains subject to existing partial-geometry notes.","","/drawings/ft3w/ft3w-hydraulic-4-2.png","/review/figures/fig-hydraulic-4-2"
"fig-hydraulic-4-2","Hydraulic fan","fp-4-2-15","15","59-00126","Valve block support","1","1","1","0","0","1","0","0","match","false","","All table-quantity instances identified on the inspected source plate; contour detail remains subject to existing partial-geometry notes.","","/drawings/ft3w/ft3w-hydraulic-4-2.png","/review/figures/fig-hydraulic-4-2"
"fig-hydraulic-4-2","Hydraulic fan","fp-4-2-16","16","34-00621","Radiator vent tube","1","1","1","0","0","1","0","0","match","false","","All table-quantity instances identified on the inspected source plate; contour detail remains subject to existing partial-geometry notes.","","/drawings/ft3w/ft3w-hydraulic-4-2.png","/review/figures/fig-hydraulic-4-2"
"fig-hydraulic-4-2","Hydraulic fan","fp-4-2-17","17","34-00576","Level indicator","1","1","1","0","0","1","0","0","match","false","","One source-identifiable level indicator at extreme right edge, with only its visible clipped strip traced; complete outline extends beyond source crop.","","/drawings/ft3w/ft3w-hydraulic-4-2.png","/review/figures/fig-hydraulic-4-2"
"fig-hydraulic-4-2","Hydraulic fan","fp-4-2-18","18","47-00005","Conn rcpt hsg 2pos","1","1","1","0","0","1","0","0","match","false","","All table-quantity instances identified on the inspected source plate; contour detail remains subject to existing partial-geometry notes.","","/drawings/ft3w/ft3w-hydraulic-4-2.png","/review/figures/fig-hydraulic-4-2"
"fig-hydraulic-4-2","Hydraulic fan","fp-4-2-19","19","47-00009","Conn plug hsg 2pos","1","1","1","0","0","1","0","0","match","false","","All table-quantity instances identified on the inspected source plate; contour detail remains subject to existing partial-geometry notes.","","/drawings/ft3w/ft3w-hydraulic-4-2.png","/review/figures/fig-hydraulic-4-2"
"fig-hydraulic-4-2","Hydraulic fan","fp-4-2-20","20","39-00016","Hose clamp 35-50/12","3","1","1","0","0","1","0","2","shortfall","true","","Plate shows only 1 independently identifiable Hose clamp 35-50/12 instance(s); remaining locations are occluded or not separately depicted, and quantity alone does not locate them.","","/drawings/ft3w/ft3w-hydraulic-4-2.png","/review/figures/fig-hydraulic-4-2"
"fig-hydraulic-4-2","Hydraulic fan","fp-4-2-21","21","19-00432","P clip crew mount cable clamp","4","4","4","0","0","1","3","0","match","false","","All table-quantity instances identified on the inspected source plate; contour detail remains subject to existing partial-geometry notes.","","/drawings/ft3w/ft3w-hydraulic-4-2.png","/review/figures/fig-hydraulic-4-2"
"fig-hydraulic-4-2","Hydraulic fan","fp-4-2-22","22","39-00019","14mm HOSE CLAMP","6","6","6","0","0","1","5","0","match","false","","All table-quantity instances identified on the inspected source plate; contour detail remains subject to existing partial-geometry notes.","","/drawings/ft3w/ft3w-hydraulic-4-2.png","/review/figures/fig-hydraulic-4-2"
"fig-hydraulic-4-2","Hydraulic fan","fp-4-2-23","23","34-00577","Surge tank drain plug","1","1","1","0","0","1","0","0","match","false","","All table-quantity instances identified on the inspected source plate; contour detail remains subject to existing partial-geometry notes.","","/drawings/ft3w/ft3w-hydraulic-4-2.png","/review/figures/fig-hydraulic-4-2"
"fig-hydraulic-4-2","Hydraulic fan","fp-4-2-24","24","54-00617","Hyd. hose","1","1","1","0","0","1","0","0","match","false","","All table-quantity instances identified on the inspected source plate; contour detail remains subject to existing partial-geometry notes.","","/drawings/ft3w/ft3w-hydraulic-4-2.png","/review/figures/fig-hydraulic-4-2"
"fig-hydraulic-4-2","Hydraulic fan","fp-4-2-25","25","54-00755","Hyd. fitting","2","2","2","0","0","1","1","0","match","false","","All table-quantity instances identified on the inspected source plate; contour detail remains subject to existing partial-geometry notes.","","/drawings/ft3w/ft3w-hydraulic-4-2.png","/review/figures/fig-hydraulic-4-2"
"fig-hydraulic-4-2","Hydraulic fan","fp-4-2-26","26","54-00104","Hyd. fitting","2","2","2","0","0","1","1","0","match","false","","All table-quantity instances identified on the inspected source plate; contour detail remains subject to existing partial-geometry notes.","","/drawings/ft3w/ft3w-hydraulic-4-2.png","/review/figures/fig-hydraulic-4-2"
"fig-hydraulic-4-2","Hydraulic fan","fp-4-2-27","27","54-00044","Hyd. fitting","1","1","1","0","0","1","0","0","match","false","","All table-quantity instances identified on the inspected source plate; contour detail remains subject to existing partial-geometry notes.","","/drawings/ft3w/ft3w-hydraulic-4-2.png","/review/figures/fig-hydraulic-4-2"
"fig-hydraulic-4-2","Hydraulic fan","fp-4-2-28","28","54-00103","90 deg hyd. fitting","1","1","1","0","0","1","0","0","match","false","","All table-quantity instances identified on the inspected source plate; contour detail remains subject to existing partial-geometry notes.","","/drawings/ft3w/ft3w-hydraulic-4-2.png","/review/figures/fig-hydraulic-4-2"
"fig-hydraulic-4-2","Hydraulic fan","fp-4-2-29","29","12-210000-121","M10 nut","2","2","2","0","0","1","1","0","match","false","","All table-quantity instances identified on the inspected source plate; contour detail remains subject to existing partial-geometry notes.","","/drawings/ft3w/ft3w-hydraulic-4-2.png","/review/figures/fig-hydraulic-4-2"
"fig-hydraulic-4-2","Hydraulic fan","fp-4-2-30","30","10-510030-121","M10 x 30 button head hex screw","2","2","2","0","0","1","1","0","match","false","","All table-quantity instances identified on the inspected source plate; contour detail remains subject to existing partial-geometry notes.","","/drawings/ft3w/ft3w-hydraulic-4-2.png","/review/figures/fig-hydraulic-4-2"
"fig-hydraulic-4-2","Hydraulic fan","fp-4-2-31","31","10-106050-121","M6 hex screw","4","2","2","0","0","1","1","2","shortfall","true","","Only two separate M6 screws are drawn beside fan support, though table requires four; no other two independent screw contours can be identified in the support occlusion.","","/drawings/ft3w/ft3w-hydraulic-4-2.png","/review/figures/fig-hydraulic-4-2"
"fig-hydraulic-4-2","Hydraulic fan","fp-4-2-32","32","10-210025-121","Hex flanged screw din 6921 m10 x 1.5 x 25 - zinc plated - class 8.8","2","2","2","0","0","1","1","0","match","false","","All table-quantity instances identified on the inspected source plate; contour detail remains subject to existing partial-geometry notes.","","/drawings/ft3w/ft3w-hydraulic-4-2.png","/review/figures/fig-hydraulic-4-2"
"fig-hydraulic-4-2","Hydraulic fan","fp-4-2-33","33","10-210016-121","M10 x 16 hex flanged screw","2","2","2","0","0","1","1","0","match","false","","All table-quantity instances identified on the inspected source plate; contour detail remains subject to existing partial-geometry notes.","","/drawings/ft3w/ft3w-hydraulic-4-2.png","/review/figures/fig-hydraulic-4-2"
"fig-hydraulic-4-3","Oil cooler","fp-4-3-01","1","34-00851","Hydraulic oil cooler","1","1","1","0","0","1","0","0","match","false","","All table-quantity instances identified on the inspected source plate; contour detail remains subject to existing partial-geometry notes.","","/drawings/ft3w/ft3w-hydraulic-4-3.png","/review/figures/fig-hydraulic-4-3"
"fig-hydraulic-4-3","Oil cooler","fp-4-3-02","2","34-00539","Shroud","1","1","1","0","0","1","0","0","match","false","","All table-quantity instances identified on the inspected source plate; contour detail remains subject to existing partial-geometry notes.","","/drawings/ft3w/ft3w-hydraulic-4-3.png","/review/figures/fig-hydraulic-4-3"
"fig-hydraulic-4-3","Oil cooler","fp-4-3-03","3","34-00540","BRUSHLESS FAN -12 IN. 12v WITH MALE AND FEMALE CONNECTORS","2","2","2","0","0","1","1","0","match","false","","All table-quantity instances identified on the inspected source plate; contour detail remains subject to existing partial-geometry notes.","","/drawings/ft3w/ft3w-hydraulic-4-3.png","/review/figures/fig-hydraulic-4-3"
"fig-hydraulic-4-3","Oil cooler","fp-4-3-04","4","56-00026","Drain valve","1","1","1","0","0","1","0","0","match","false","","All table-quantity instances identified on the inspected source plate; contour detail remains subject to existing partial-geometry notes.","","/drawings/ft3w/ft3w-hydraulic-4-3.png","/review/figures/fig-hydraulic-4-3"
"fig-hydraulic-4-3","Oil cooler","fp-4-3-05","5","54-00460","Elbow 90o o-ring boss o jic","2","2","2","0","0","1","1","0","match","false","","All table-quantity instances identified on the inspected source plate; contour detail remains subject to existing partial-geometry notes.","","/drawings/ft3w/ft3w-hydraulic-4-3.png","/review/figures/fig-hydraulic-4-3"
"fig-hydraulic-4-3","Oil cooler","fp-4-3-06","6","54-01155","Hyd. fitting","2","2","2","0","0","1","1","0","match","false","","All table-quantity instances identified on the inspected source plate; contour detail remains subject to existing partial-geometry notes.","","/drawings/ft3w/ft3w-hydraulic-4-3.png","/review/figures/fig-hydraulic-4-3"
"fig-hydraulic-4-3","Oil cooler","fp-4-3-07","7","10-208030-122","M8 bolt","2","2","2","0","0","1","1","0","match","false","","All table-quantity instances identified on the inspected source plate; contour detail remains subject to existing partial-geometry notes.","","/drawings/ft3w/ft3w-hydraulic-4-3.png","/review/figures/fig-hydraulic-4-3"
"fig-hydraulic-4-3","Oil cooler","fp-4-3-08","8","10-008035-120","M8 button head bolt","2","2","2","0","0","1","1","0","match","false","","All table-quantity instances identified on the inspected source plate; contour detail remains subject to existing partial-geometry notes.","","/drawings/ft3w/ft3w-hydraulic-4-3.png","/review/figures/fig-hydraulic-4-3"
"fig-hydraulic-4-3","Oil cooler","fp-4-3-09","9","19-00474","Washer","4","4","4","0","0","1","3","0","match","false","","All table-quantity instances identified on the inspected source plate; contour detail remains subject to existing partial-geometry notes.","","/drawings/ft3w/ft3w-hydraulic-4-3.png","/review/figures/fig-hydraulic-4-3"
"fig-hydraulic-4-3","Oil cooler","fp-4-3-10","10","19-00473","Rubber mount","4","4","4","0","0","1","3","0","match","false","","All table-quantity instances identified on the inspected source plate; contour detail remains subject to existing partial-geometry notes.","","/drawings/ft3w/ft3w-hydraulic-4-3.png","/review/figures/fig-hydraulic-4-3"
"fig-hydraulic-4-4","Charge pump","fp-4-4-01","1","50-00026","Charge pump","1","1","1","0","0","1","0","0","match","false","","All table-quantity instances identified on the inspected source plate; contour detail remains subject to existing partial-geometry notes.","","/drawings/ft3w/ft3w-hydraulic-4-4.png","/review/figures/fig-hydraulic-4-4"
"fig-hydraulic-4-4","Charge pump","fp-4-4-02","2","54-00104","Hyd. fitting","2","2","2","0","0","1","1","0","match","false","","All table-quantity instances identified on the inspected source plate; contour detail remains subject to existing partial-geometry notes.","","/drawings/ft3w/ft3w-hydraulic-4-4.png","/review/figures/fig-hydraulic-4-4"
"fig-hydraulic-4-4","Charge pump","fp-4-4-03","3","54-00043","Hyd. fitting","2","2","2","0","0","1","1","0","match","false","","All table-quantity instances identified on the inspected source plate; contour detail remains subject to existing partial-geometry notes.","","/drawings/ft3w/ft3w-hydraulic-4-4.png","/review/figures/fig-hydraulic-4-4"
"fig-hydraulic-4-4","Charge pump","fp-4-4-04","","56-00085","Gear pump adapter kit (driving parts)","1","0","0","0","0","0","0","1","unmapped","true","","Source table explicitly states: Kit with O-ring, adapter, hardware (not shown). No contours invented for these omitted locations.","Kit with O-ring, adapter, hardware (not shown)","/drawings/ft3w/ft3w-hydraulic-4-4.png","/review/figures/fig-hydraulic-4-4"
"fig-hydraulic-4-4","Charge pump","fp-4-4-05","","56-00086","Gear pump mounting o-ring","1","0","0","0","0","0","0","1","unmapped","true","","Source table explicitly states: Gear Pump Mounting O-ring (not shown). No contours invented for these omitted locations.","Gear Pump Mounting O-ring (not shown)","/drawings/ft3w/ft3w-hydraulic-4-4.png","/review/figures/fig-hydraulic-4-4"
"fig-tire-wheel-5-1","Wheel assembly","fp-5-1-01","1","23-00124","WHEEL ASSY 8x8 & V2","1","1","1","0","0","1","0","0","match","false","","All table-quantity instances identified on the inspected source plate; contour detail remains subject to existing partial-geometry notes.","Includes hardware, O-rings, but not #6,7","/drawings/ft3w/ft3w-tire-wheel-5-1.png","/review/figures/fig-tire-wheel-5-1"
"fig-tire-wheel-5-1","Wheel assembly","fp-5-1-02","2","89-00061","Wheel pod mounting plate","8","8","8","0","0","1","7","0","match","false","","All table-quantity instances identified on the inspected source plate; contour detail remains subject to existing partial-geometry notes.","","/drawings/ft3w/ft3w-tire-wheel-5-1.png","/review/figures/fig-tire-wheel-5-1"
"fig-tire-wheel-5-1","Wheel assembly","fp-5-1-03","3","10-208045-111","Hex flanged bolt, m8","8","8","8","0","0","1","7","0","match","false","","All table-quantity instances identified on the inspected source plate; contour detail remains subject to existing partial-geometry notes.","Replaced by 10-208040-121. Please verify before placing your order","/drawings/ft3w/ft3w-tire-wheel-5-1.png","/review/figures/fig-tire-wheel-5-1"
"fig-tire-wheel-5-1","Wheel assembly","fp-5-1-04","4","10-208040-121","Hex flanged screw din 6921 m8 x 1.25 x 40 - zinc plated - class 8.8","16","16","16","0","0","1","15","0","match","false","","All table-quantity instances identified on the inspected source plate; contour detail remains subject to existing partial-geometry notes.","For assembly with WHEEL POD MOUNTING PLATE only. Use","/drawings/ft3w/ft3w-tire-wheel-5-1.png","/review/figures/fig-tire-wheel-5-1"
"fig-tire-wheel-5-1","Wheel assembly","fp-5-1-05","5","10-208035-121","Hex flanged screw din 6921 m8 x 1.25 x 35 - zinc plated - class 8.8","16","16","16","0","0","1","15","0","match","false","","All table-quantity instances identified on the inspected source plate; contour detail remains subject to existing partial-geometry notes.","10-208035-121 M8 BOLT if assembled WITHOUT","/drawings/ft3w/ft3w-tire-wheel-5-1.png","/review/figures/fig-tire-wheel-5-1"
"fig-tire-wheel-5-1","Wheel assembly","fp-5-1-06","6","23-00068","Wheel lug plate","1","1","1","0","0","1","0","0","match","false","","All table-quantity instances identified on the inspected source plate; contour detail remains subject to existing partial-geometry notes.","","/drawings/ft3w/ft3w-tire-wheel-5-1.png","/review/figures/fig-tire-wheel-5-1"
"fig-tire-wheel-5-1","Wheel assembly","fp-5-1-07","7","19-00352","Lug nut m14 x 1.5","8","8","8","0","0","1","7","0","match","false","","All table-quantity instances identified on the inspected source plate; contour detail remains subject to existing partial-geometry notes.","","/drawings/ft3w/ft3w-tire-wheel-5-1.png","/review/figures/fig-tire-wheel-5-1"
"fig-tire-wheel-5-1","Wheel assembly","fp-5-1-10","","10-908025-121","Torks button head screw, m8","8","0","0","0","0","0","0","8","unmapped","true","","Source table explicitly states: INCLUDED IN WHEEL SEAL KIT - NOT SHOWN. No contours invented for these omitted locations.","INCLUDED IN WHEEL SEAL KIT - NOT SHOWN","/drawings/ft3w/ft3w-tire-wheel-5-1.png","/review/figures/fig-tire-wheel-5-1"
"fig-tire-wheel-5-1","Wheel assembly","fp-5-1-11","","19-00065","O-ring 1/8 x 23.4375 od/23.1875 id 70 shore","2","0","0","0","0","0","0","2","unmapped","true","","Source table explicitly states: INCLUDED IN WHEEL SEAL KIT - NOT SHOWN. No contours invented for these omitted locations.","INCLUDED IN WHEEL SEAL KIT - NOT SHOWN","/drawings/ft3w/ft3w-tire-wheel-5-1.png","/review/figures/fig-tire-wheel-5-1"
"fig-tire-wheel-5-1","Wheel assembly","fp-5-1-09","","19-00212","Oil resistant o-ring","1","0","0","0","0","0","0","1","unmapped","true","","Source table explicitly states: INCLUDED IN WHEEL SEAL KIT - NOT SHOWN. No contours invented for these omitted locations.","INCLUDED IN WHEEL SEAL KIT - NOT SHOWN","/drawings/ft3w/ft3w-tire-wheel-5-1.png","/review/figures/fig-tire-wheel-5-1"
"fig-tire-wheel-5-1","Wheel assembly","fp-5-1-08","","19-00511","Oil resistant o-ring","1","0","0","0","0","0","0","1","unmapped","true","","Source table explicitly states: INCLUDED IN WHEEL SEAL KIT - NOT SHOWN. No contours invented for these omitted locations.","INCLUDED IN WHEEL SEAL KIT - NOT SHOWN","/drawings/ft3w/ft3w-tire-wheel-5-1.png","/review/figures/fig-tire-wheel-5-1"
"fig-tire-wheel-5-1","Wheel assembly","fp-5-1-12","","23-00157","Wheel sealing kit","1","0","0","0","0","0","0","1","unmapped","true","","Source table explicitly states: WHEEL SEAL KIT - NOT SHOWN. No contours invented for these omitted locations.","WHEEL SEAL KIT - NOT SHOWN","/drawings/ft3w/ft3w-tire-wheel-5-1.png","/review/figures/fig-tire-wheel-5-1"
"fig-tire-wheel-5-2","Wheel pod and tire","fp-5-2-01","1","23-00069","Tire 63 x 24-24.","1","1","0","0","1","1","0","0","match","false","","Tire is uniquely identified by printed Ref.1 but right/top tread is clipped and complex inter-tread gaps lack a preserved full silhouette; no filled tire envelope fabricated.","","/drawings/ft3w/ft3w-tire-wheel-5-2.png","/review/figures/fig-tire-wheel-5-2"
"fig-tire-wheel-5-2","Wheel pod and tire","fp-5-2-02","2","86-00104","Wheel pod","1","1","1","0","0","1","0","0","match","false","","All table-quantity instances identified on the inspected source plate; contour detail remains subject to existing partial-geometry notes.","","/drawings/ft3w/ft3w-tire-wheel-5-2.png","/review/figures/fig-tire-wheel-5-2"
"fig-tire-wheel-5-2","Wheel pod and tire","fp-5-2-03","3","89-00061","Wheel pod mounting plate","8","8","8","0","0","1","7","0","match","false","","All table-quantity instances identified on the inspected source plate; contour detail remains subject to existing partial-geometry notes.","","/drawings/ft3w/ft3w-tire-wheel-5-2.png","/review/figures/fig-tire-wheel-5-2"
"fig-tire-wheel-5-2","Wheel pod and tire","fp-5-2-04","4","10-208040-121","Hex flanged screw din 6921 m8 x 1.25 x 40 - zinc plated - class 8.8","16","16","16","0","0","1","15","0","match","false","","All table-quantity instances identified on the inspected source plate; contour detail remains subject to existing partial-geometry notes.","Risk of damage if wheel pod mounting plate are not used - Use 10-208035-321","/drawings/ft3w/ft3w-tire-wheel-5-2.png","/review/figures/fig-tire-wheel-5-2"
"fig-tire-wheel-5-2","Wheel pod and tire","fp-5-2-05","5","89-00073","Tube 1/2"" od, 0.065"" thickness","8","8","8","0","0","1","7","0","match","false","","All table-quantity instances identified on the inspected source plate; contour detail remains subject to existing partial-geometry notes.","","/drawings/ft3w/ft3w-tire-wheel-5-2.png","/review/figures/fig-tire-wheel-5-2"
"fig-tire-wheel-5-2","Wheel pod and tire","fp-5-2-06","6","89-00074","Wheel pod washer","8","8","8","0","0","1","7","0","match","false","","All table-quantity instances identified on the inspected source plate; contour detail remains subject to existing partial-geometry notes.","","/drawings/ft3w/ft3w-tire-wheel-5-2.png","/review/figures/fig-tire-wheel-5-2"
"fig-tire-wheel-5-2","Wheel pod and tire","fp-5-2-07","7","10-208045-111","Hex flanged bolt, m8","8","8","8","0","0","1","7","0","match","false","","All table-quantity instances identified on the inspected source plate; contour detail remains subject to existing partial-geometry notes.","Replaced by 10-208040-121. Please verify before placing your order","/drawings/ft3w/ft3w-tire-wheel-5-2.png","/review/figures/fig-tire-wheel-5-2"
"fig-tire-wheel-5-2","Wheel pod and tire","fp-5-2-08","8","88-00039","Studs for ice - 4 tires","1","0","0","0","0","0","0","1","unmapped","true","","No source-supported visible contour or unique same-reference pointer established on inspected plate; row remains withheld.","OEM OPTION FOR 4 TIRES - FACTORY INSTALLED","/drawings/ft3w/ft3w-tire-wheel-5-2.png","/review/figures/fig-tire-wheel-5-2"
"fig-tire-wheel-5-2","Wheel pod and tire","fp-5-2-09","9","86-00112","25mm CARBIDE STUDS FOR ICE","104","0","0","0","0","0","0","104","unmapped","true","","No source-supported visible contour or unique same-reference pointer established on inspected plate; row remains withheld.","STUDS FOR 1x TIRE","/drawings/ft3w/ft3w-tire-wheel-5-2.png","/review/figures/fig-tire-wheel-5-2"
"fig-tire-wheel-5-2","Wheel pod and tire","fp-5-2-10","10","TBD","Tall tires upcoming option","4","0","0","0","0","0","0","4","unmapped","true","","No source-supported visible contour or unique same-reference pointer established on inspected plate; row remains withheld.","CONTACT ZEAL MOTOR FOR DETAILS","/drawings/ft3w/ft3w-tire-wheel-5-2.png","/review/figures/fig-tire-wheel-5-2"
"fig-cabin-6-1","Windows","fp-6-1-01","1","61-00037","Windshield","1","1","1","0","0","1","0","0","match","false","","Printed1 leader terminates on large detached windshield at lower right. Exterior follows visible glazing contour.","See Page 14 for Windshield Assembly","/drawings/ft3w/ft3w-cabin-6-1.png","/review/figures/fig-cabin-6-1"
"fig-cabin-6-1","Windows","fp-6-1-02","2","61-00140","Right a pillar window","1","1","0","1","0","1","0","0","match","false","","Printed2 leader terminates on slim right A-pillar window detached vertically at lower center. Existing original mask is retained unchanged; alternative supplemental contour was not activated.","","/drawings/ft3w/ft3w-cabin-6-1.png","/review/figures/fig-cabin-6-1"
"fig-cabin-6-1","Windows","fp-6-1-03","3","61-00139","Left a pillar window","1","1","1","0","0","1","0","0","match","false","","Printed3 leader terminates on slim left A-pillar glazing at right, above windshield.","","/drawings/ft3w/ft3w-cabin-6-1.png","/review/figures/fig-cabin-6-1"
"fig-cabin-6-1","Windows","fp-6-1-04","4","61-00127","Front car operator right window","1","1","0","1","0","1","0","0","match","false","","Printed4 leader terminates on lower-left detached operator window; outer glazing plate includes the visible divided-window assembly. Existing original mask is retained unchanged; alternative supplemental contour was not activated.","","/drawings/ft3w/ft3w-cabin-6-1.png","/review/figures/fig-cabin-6-1"
"fig-cabin-6-1","Windows","fp-6-1-05","5","61-00115","Front car operator left window","1","1","0","1","0","1","0","0","match","false","","Printed5 leader terminates on detached operator window at upper-right; exterior follows complete glazing assembly. Existing original mask is retained unchanged; alternative supplemental contour was not activated.","","/drawings/ft3w/ft3w-cabin-6-1.png","/review/figures/fig-cabin-6-1"
"fig-cabin-6-1","Windows","fp-6-1-06","6","61-00126","Frontcar passsenger right window","1","1","0","1","0","1","0","0","match","false","","Printed6 leader terminates on detached passenger glazing at left. Existing original mask is retained unchanged; alternative supplemental contour was not activated.","","/drawings/ft3w/ft3w-cabin-6-1.png","/review/figures/fig-cabin-6-1"
"fig-cabin-6-1","Windows","fp-6-1-07","7","61-00121","Front car passenger left window","1","1","0","1","0","1","0","0","match","false","","Printed7 leader terminates on detached passenger glazing at top-right. Existing original mask is retained unchanged; alternative supplemental contour was not activated.","","/drawings/ft3w/ft3w-cabin-6-1.png","/review/figures/fig-cabin-6-1"
"fig-cabin-6-1","Windows","fp-6-1-08","8","86-00047","Roof hatch","1","1","0","1","0","1","0","0","match","false","","Printed8 identifies complete detached roof hatch above vehicle roof. Existing original mask is retained unchanged; alternative supplemental contour was not activated.","ROOF HATCH OPTION (88-00256)","/drawings/ft3w/ft3w-cabin-6-1.png","/review/figures/fig-cabin-6-1"
"fig-cabin-6-1","Windows","fp-6-1-09","9","61-00141","Rear window","1","1","0","1","0","1","0","0","match","false","","Printed9 identifies detached rear glazing at top-left. Existing original mask is retained unchanged; alternative supplemental contour was not activated.","See page 20 for Rear Hatch Assembly","/drawings/ft3w/ft3w-cabin-6-1.png","/review/figures/fig-cabin-6-1"
"fig-cabin-6-2","Windshield assembly","fp-6-2-02","1","17-00057","Quarter-turn cam latch, key locking (reversible key) wing, spring-return actuator, not sealed, zinc alloy, powder coat, black","1","1","1","0","0","1","0","0","match","false","","Actual directly labelled latch1 and handle8 below the magnified inset now traced from original pixels; handle empty openings preserved. Enlarged ellipse/arrow not shaded or counted as extra occurrence. Current full plate visually inspected; existing printed reference 1 remains source evidence.","","/drawings/ft3w/ft3w-cabin-6-2.png","/review/figures/fig-cabin-6-2"
"fig-cabin-6-2","Windshield assembly","fp-6-2-03","2","10-405025-122","Hex drive flat head m5 x 0.8 x 25 zinc plated class 10.9","2","2","2","0","0","1","1","0","match","false","","Printed2 leader identifies paired flat head screws between latch and washer in main exploded view. Enlarged inset is the same assembly and is not counted twice.","","/drawings/ft3w/ft3w-cabin-6-2.png","/review/figures/fig-cabin-6-2"
"fig-cabin-6-2","Windshield assembly","fp-6-2-04","3","61-00047","Windshield latch washer","1","1","0","0","1","1","0","0","match","false","","Independent source cross-check6.2 and full PNG inspection identify thin/overlapping rings, spacers, catch, wiper edges, inset13kit and seal25. Printed identities readable; source inner edges only few pixels thick. Seal25 quantity16 is sold-by-foot length, not occurrences. Current full plate visually inspected; existing printed reference 3 remains source evidence.","","/drawings/ft3w/ft3w-cabin-6-2.png","/review/figures/fig-cabin-6-2"
"fig-cabin-6-2","Windshield assembly","fp-6-2-05","4","61-00076","Quarter turn latch gasket","1","1","0","0","1","1","0","0","match","false","","Independent source cross-check6.2 and full PNG inspection identify thin/overlapping rings, spacers, catch, wiper edges, inset13kit and seal25. Printed identities readable; source inner edges only few pixels thick. Seal25 quantity16 is sold-by-foot length, not occurrences. Current full plate visually inspected; existing printed reference 4 remains source evidence.","","/drawings/ft3w/ft3w-cabin-6-2.png","/review/figures/fig-cabin-6-2"
"fig-cabin-6-2","Windshield assembly","fp-6-2-06","5","19-00341","Spacer, 8 mm od, 13 mm long, for m5 screw size","2","2","2","0","0","1","1","0","match","false","","Printed5 identifies two spacers on the parallel latch screw axes in main exploded view; inset duplicate is excluded.","","/drawings/ft3w/ft3w-cabin-6-2.png","/review/figures/fig-cabin-6-2"
"fig-cabin-6-2","Windshield assembly","fp-6-2-07","6","61-00048","Latch catch","1","1","0","0","1","1","0","0","match","false","","Independent source cross-check6.2 and full PNG inspection identify thin/overlapping rings, spacers, catch, wiper edges, inset13kit and seal25. Printed identities readable; source inner edges only few pixels thick. Seal25 quantity16 is sold-by-foot length, not occurrences. Current full plate visually inspected; existing printed reference 6 remains source evidence.","","/drawings/ft3w/ft3w-cabin-6-2.png","/review/figures/fig-cabin-6-2"
"fig-cabin-6-2","Windshield assembly","fp-6-2-08","7","10-306035-121","Socket head screw m6 x 1 mm thread, 35 mm long - zinc-plated class 12.9","2","1","0","0","1","1","0","1","shortfall","true","","Independent source cross-check6.2 and full PNG inspection identify thin/overlapping rings, spacers, catch, wiper edges, inset13kit and seal25. Printed identities readable; source inner edges only few pixels thick. Seal25 quantity16 is sold-by-foot length, not occurrences. Current full plate visually inspected; existing printed reference 7 remains source evidence.  Remaining count is not assigned coordinates: occluded, absent, source-conflicted or insufficiently distinguishable physical objects cannot be derived from Quantity. Existing marker position alone remains selectable without a traced contour.","","/drawings/ft3w/ft3w-cabin-6-2.png","/review/figures/fig-cabin-6-2"
"fig-cabin-6-2","Windshield assembly","fp-6-2-09","8","17-00056","Oval pull handle unthreaded hole, black aluminum, 7-3/4"" center-to-center width","1","1","1","0","0","1","0","0","match","false","","Actual directly labelled latch1 and handle8 below the magnified inset now traced from original pixels; handle empty openings preserved. Enlarged ellipse/arrow not shaded or counted as extra occurrence. Current full plate visually inspected; existing printed reference 8 remains source evidence.","","/drawings/ft3w/ft3w-cabin-6-2.png","/review/figures/fig-cabin-6-2"
"fig-cabin-6-2","Windshield assembly","fp-6-2-10","9","61-00084","Windshield handle seal","2","1","0","0","1","1","0","1","shortfall","true","","Independent source cross-check6.2 and full PNG inspection identify thin/overlapping rings, spacers, catch, wiper edges, inset13kit and seal25. Printed identities readable; source inner edges only few pixels thick. Seal25 quantity16 is sold-by-foot length, not occurrences. Current full plate visually inspected; existing printed reference 9 remains source evidence.  Remaining count is not assigned coordinates: occluded, absent, source-conflicted or insufficiently distinguishable physical objects cannot be derived from Quantity. Existing marker position alone remains selectable without a traced contour.","","/drawings/ft3w/ft3w-cabin-6-2.png","/review/figures/fig-cabin-6-2"
"fig-cabin-6-2","Windshield assembly","fp-6-2-11","10","19-00325","Aluminum unthreaded spacer 13 mm od, 12 mm long, for m6 screw size","2","1","0","0","1","1","0","1","shortfall","true","","Independent source cross-check6.2 and full PNG inspection identify thin/overlapping rings, spacers, catch, wiper edges, inset13kit and seal25. Printed identities readable; source inner edges only few pixels thick. Seal25 quantity16 is sold-by-foot length, not occurrences. Current full plate visually inspected; existing printed reference 10 remains source evidence.  Remaining count is not assigned coordinates: occluded, absent, source-conflicted or insufficiently distinguishable physical objects cannot be derived from Quantity. Existing marker position alone remains selectable without a traced contour.","","/drawings/ft3w/ft3w-cabin-6-2.png","/review/figures/fig-cabin-6-2"
"fig-cabin-6-2","Windshield assembly","fp-6-2-12","11","61-00033","Radial arm","1","1","1","0","0","1","0","0","match","false","","Independent source cross-check6.2 and full PNG inspection identify thin/overlapping rings, spacers, catch, wiper edges, inset13kit and seal25. Printed identities readable; source inner edges only few pixels thick. Seal25 quantity16 is sold-by-foot length, not occurrences. Current full plate visually inspected; existing printed reference 11 remains source evidence.","","/drawings/ft3w/ft3w-cabin-6-2.png","/review/figures/fig-cabin-6-2"
"fig-cabin-6-2","Windshield assembly","fp-6-2-13","12","61-00034","Wiper blade","1","1","1","0","0","1","0","0","match","false","","Independent source cross-check6.2 and full PNG inspection identify thin/overlapping rings, spacers, catch, wiper edges, inset13kit and seal25. Printed identities readable; source inner edges only few pixels thick. Seal25 quantity16 is sold-by-foot length, not occurrences. Current full plate visually inspected; existing printed reference 12 remains source evidence.","","/drawings/ft3w/ft3w-cabin-6-2.png","/review/figures/fig-cabin-6-2"
"fig-cabin-6-2","Windshield assembly","fp-6-2-14","13","49-00070","Pivot, hardware kit","1","1","0","0","1","1","0","0","match","false","","Independent source cross-check6.2 and full PNG inspection identify thin/overlapping rings, spacers, catch, wiper edges, inset13kit and seal25. Printed identities readable; source inner edges only few pixels thick. Seal25 quantity16 is sold-by-foot length, not occurrences. Current full plate visually inspected; existing printed reference 13 remains source evidence.","","/drawings/ft3w/ft3w-cabin-6-2.png","/review/figures/fig-cabin-6-2"
"fig-cabin-6-2","Windshield assembly","fp-6-2-15","14","19-00041","Webbing guide","1","1","0","0","1","1","0","0","match","false","","Independent source cross-check6.2 and full PNG inspection identify thin/overlapping rings, spacers, catch, wiper edges, inset13kit and seal25. Printed identities readable; source inner edges only few pixels thick. Seal25 quantity16 is sold-by-foot length, not occurrences. Current full plate visually inspected; existing printed reference 14 remains source evidence.","","/drawings/ft3w/ft3w-cabin-6-2.png","/review/figures/fig-cabin-6-2"
"fig-cabin-6-2","Windshield assembly","fp-6-2-16","15","10-005012-122","Flanged button head screw m5 x 0.8 x 12 - zinc plated - class 10.9","2","1","0","0","1","1","0","1","shortfall","true","","Independent source cross-check6.2 and full PNG inspection identify thin/overlapping rings, spacers, catch, wiper edges, inset13kit and seal25. Printed identities readable; source inner edges only few pixels thick. Seal25 quantity16 is sold-by-foot length, not occurrences. Current full plate visually inspected; existing printed reference 15 remains source evidence.  Remaining count is not assigned coordinates: occluded, absent, source-conflicted or insufficiently distinguishable physical objects cannot be derived from Quantity. Existing marker position alone remains selectable without a traced contour.","","/drawings/ft3w/ft3w-cabin-6-2.png","/review/figures/fig-cabin-6-2"
"fig-cabin-6-2","Windshield assembly","fp-6-2-17","16","62-00161","Windshield gaz spring bracket","2","1","1","0","0","1","0","1","shortfall","true","","Original directly targeted gas-spring brackets now independently traced with visible end/mounting holes; source-window approximations replaced by actual pixels. Current full plate visually inspected; existing printed reference 16 remains source evidence.  Remaining count is not assigned coordinates: occluded, absent, source-conflicted or insufficiently distinguishable physical objects cannot be derived from Quantity. Existing marker position alone remains selectable without a traced contour.","","/drawings/ft3w/ft3w-cabin-6-2.png","/review/figures/fig-cabin-6-2"
"fig-cabin-6-2","Windshield assembly","fp-6-2-18","17","12-206000-121","M6 x 1 hex flanged nut","6","1","0","0","1","1","0","5","shortfall","true","","Independent source cross-check6.2 and full PNG inspection identify thin/overlapping rings, spacers, catch, wiper edges, inset13kit and seal25. Printed identities readable; source inner edges only few pixels thick. Seal25 quantity16 is sold-by-foot length, not occurrences. Current full plate visually inspected; existing printed reference 17 remains source evidence.  Remaining count is not assigned coordinates: occluded, absent, source-conflicted or insufficiently distinguishable physical objects cannot be derived from Quantity. Existing marker position alone remains selectable without a traced contour.","","/drawings/ft3w/ft3w-cabin-6-2.png","/review/figures/fig-cabin-6-2"
"fig-cabin-6-2","Windshield assembly","fp-6-2-19","18","10-405025-122","Hex drive flat head m5 x 0.8 x 25 zinc plated class 10.9","6","1","0","0","1","1","0","5","shortfall","true","","Independent source cross-check6.2 and full PNG inspection identify thin/overlapping rings, spacers, catch, wiper edges, inset13kit and seal25. Printed identities readable; source inner edges only few pixels thick. Seal25 quantity16 is sold-by-foot length, not occurrences. Current full plate visually inspected; existing printed reference 18 remains source evidence.  Remaining count is not assigned coordinates: occluded, absent, source-conflicted or insufficiently distinguishable physical objects cannot be derived from Quantity. Existing marker position alone remains selectable without a traced contour.","","/drawings/ft3w/ft3w-cabin-6-2.png","/review/figures/fig-cabin-6-2"
"fig-cabin-6-2","Windshield assembly","fp-6-2-20","19","17-00050","Gas spring (lexan windshield)","2","1","1","0","0","1","0","1","shortfall","true","","Original6.2 cross-check: current gas-spring19 end eyes and hinge22/23mounting-ear bores/attachment gaps omitted from exteriors. Current full plate visually inspected; existing printed reference 19 remains source evidence.  Remaining count is not assigned coordinates: occluded, absent, source-conflicted or insufficiently distinguishable physical objects cannot be derived from Quantity. Existing marker position alone remains selectable without a traced contour.","","/drawings/ft3w/ft3w-cabin-6-2.png","/review/figures/fig-cabin-6-2"
"fig-cabin-6-2","Windshield assembly","fp-6-2-21","20","62-00827","Gas spring support cab side","2","1","1","0","0","1","0","1","shortfall","true","","Original directly targeted gas-spring brackets now independently traced with visible end/mounting holes; source-window approximations replaced by actual pixels. Current full plate visually inspected; existing printed reference 20 remains source evidence.  Remaining count is not assigned coordinates: occluded, absent, source-conflicted or insufficiently distinguishable physical objects cannot be derived from Quantity. Existing marker position alone remains selectable without a traced contour.","","/drawings/ft3w/ft3w-cabin-6-2.png","/review/figures/fig-cabin-6-2"
"fig-cabin-6-2","Windshield assembly","fp-6-2-22","21","49-00061","Wexco 172 deg 12v wiper motor","1","1","1","0","0","1","0","0","match","false","","Original21 visible wiper motor body and output shaft traced behind frame with separable mounting openings; no frame envelope assigned to motor. Current full plate visually inspected; existing printed reference 21 remains source evidence.","","/drawings/ft3w/ft3w-cabin-6-2.png","/review/figures/fig-cabin-6-2"
"fig-cabin-6-2","Windshield assembly","fp-6-2-23","22","62-00192","Center hinge","1","1","1","0","0","1","0","0","match","false","","Original6.2 cross-check: current gas-spring19 end eyes and hinge22/23mounting-ear bores/attachment gaps omitted from exteriors. Current full plate visually inspected; existing printed reference 22 remains source evidence.","","/drawings/ft3w/ft3w-cabin-6-2.png","/review/figures/fig-cabin-6-2"
"fig-cabin-6-2","Windshield assembly","fp-6-2-24","23","62-00186","Side hinge","2","2","2","0","0","1","1","0","match","false","","Printed23 lower side hinge is paired with the matching upper side hinge; central hinge is separately Ref22.","","/drawings/ft3w/ft3w-cabin-6-2.png","/review/figures/fig-cabin-6-2"
"fig-cabin-6-2","Windshield assembly","fp-6-2-25","24","61-00037","Windshield","1","1","1","0","0","1","0","0","match","false","","Glass24 and frame26 independently traced on original pixels; glass pivot/latch opening and frame large window/two lower windows/narrow slot retained. Dashed explosion lines are not material. Current full plate visually inspected; existing printed reference 24 remains source evidence.","","/drawings/ft3w/ft3w-cabin-6-2.png","/review/figures/fig-cabin-6-2"
"fig-cabin-6-2","Windshield assembly","fp-6-2-26","25","19-00368","Trim seal 100100b3x1/4a","16","1","0","0","1","1","0","15","shortfall","true","","Independent source cross-check6.2 and full PNG inspection identify thin/overlapping rings, spacers, catch, wiper edges, inset13kit and seal25. Printed identities readable; source inner edges only few pixels thick. Seal25 quantity16 is sold-by-foot length, not occurrences. Current full plate visually inspected; existing printed reference 25 remains source evidence.  Remaining count is not assigned coordinates: occluded, absent, source-conflicted or insufficiently distinguishable physical objects cannot be derived from Quantity. Existing marker position alone remains selectable without a traced contour.","SOLD BY THE FOOT","/drawings/ft3w/ft3w-cabin-6-2.png","/review/figures/fig-cabin-6-2"
"fig-cabin-6-2","Windshield assembly","fp-6-2-27","26","61-00061","Windshield frame","1","1","1","0","0","1","0","0","match","false","","Glass24 and frame26 independently traced on original pixels; glass pivot/latch opening and frame large window/two lower windows/narrow slot retained. Dashed explosion lines are not material. Current full plate visually inspected; existing printed reference 26 remains source evidence.","","/drawings/ft3w/ft3w-cabin-6-2.png","/review/figures/fig-cabin-6-2"
"fig-cabin-6-2","Windshield assembly","fp-6-2-01","","61-00162","Windshield assy 2.4p / 2.8p/w","1","0","0","0","0","0","0","1","unmapped","true","","No source callout associated with this imported row. Excludes parts #18 to #23 Windshield assembly informational row has no own printed reference; original drawing labels individual items1–26. Remaining count is not assigned coordinates: occluded, absent, source-conflicted or insufficiently distinguishable physical objects cannot be derived from Quantity. Existing marker position alone remains selectable without a traced contour.","Excludes parts #18 to #23","/drawings/ft3w/ft3w-cabin-6-2.png","/review/figures/fig-cabin-6-2"
"fig-cabin-6-2","Windshield assembly","fp-6-2-28","","62-00380","Front door strap handle","1","0","0","0","0","0","0","1","unmapped","true","","No source callout associated with this imported row. NOT SHOWN Legacy/source remark explicitly says NOT SHOWN; this is evidence, not approved depiction exception. Remaining count is not assigned coordinates: occluded, absent, source-conflicted or insufficiently distinguishable physical objects cannot be derived from Quantity. Existing marker position alone remains selectable without a traced contour.","NOT SHOWN","/drawings/ft3w/ft3w-cabin-6-2.png","/review/figures/fig-cabin-6-2"
"fig-cabin-6-3","Wiper motor assembly","fp-6-3-01","1","10-206012-121","Hex flanged screw din 6921 m6 x 1.0 x 12 - zinc plated - class 8.8","4","4","4","0","0","1","3","0","match","false","","Ref1 screw leader identifies lower screw; matching hex flanged heads and short shanks appear at upper-left, middle-left and right of the mounting plate, giving four detached physical screws.","","/drawings/ft3w/ft3w-cabin-6-3.png","/review/figures/fig-cabin-6-3"
"fig-cabin-6-3","Wiper motor assembly","fp-6-3-02","2","61-00029","Wiper mounting plate","1","1","1","0","0","1","0","0","match","false","","Original mounting plate2 has two main circular apertures and end-flange bores; folded cover3 has open upper left notch and flange holes. Existing exterior-only proposals do not cut these visible spaces. Current full plate visually inspected; existing printed reference 2 remains source evidence.","ASSEMBLED ON WINDSHIELD*","/drawings/ft3w/ft3w-cabin-6-3.png","/review/figures/fig-cabin-6-3"
"fig-cabin-6-3","Wiper motor assembly","fp-6-3-03","3","65-00261","Wiper motor cover","1","1","1","0","0","1","0","0","match","false","","Original mounting plate2 has two main circular apertures and end-flange bores; folded cover3 has open upper left notch and flange holes. Existing exterior-only proposals do not cut these visible spaces. Current full plate visually inspected; existing printed reference 3 remains source evidence.","","/drawings/ft3w/ft3w-cabin-6-3.png","/review/figures/fig-cabin-6-3"
"fig-cabin-6-3","Wiper motor assembly","fp-6-3-04","4","49-00061","Wexco 172 deg 12v wiper motor","1","1","1","0","0","1","0","0","match","false","","Original6.3 source cross-check identifies motor4mounting-eye bores and white gaps among output shaft, bracket and housing filled by current one-piece exterior. Current full plate visually inspected; existing printed reference 4 remains source evidence.","","/drawings/ft3w/ft3w-cabin-6-3.png","/review/figures/fig-cabin-6-3"
"fig-cabin-6-4","Windshield center hinge","fp-6-4-01","1","10-206020-121","Hex flanged screw din 6921 m6 x 1.0 x 20 - zinc plated - class 8.8","2","2","2","0","0","1","1","0","match","false","","Ref1 lower screw and matching upper screw align with the two hinge-support mounting holes.","","/drawings/ft3w/ft3w-cabin-6-4.png","/review/figures/fig-cabin-6-4"
"fig-cabin-6-4","Windshield center hinge","fp-6-4-02","2","12-206000-121","M6 x 1 hex flanged nut","4","4","4","0","0","1","3","0","match","false","","Ref2 lower support nut establishes hardware type; upper support nut and two detached flanged nuts beside hinge flange complete the four shown nuts.","","/drawings/ft3w/ft3w-cabin-6-4.png","/review/figures/fig-cabin-6-4"
"fig-cabin-6-4","Windshield center hinge","fp-6-4-03","3","62-00275","Door hinge shim","1","1","1","0","0","1","0","0","match","false","","Original6.4 clearly shows nut2bore, shim3two slots, support4four apertures, washer6centre, nut8centre and bearing9bore. Current exterior shapes do not establish these material holes. Current full plate visually inspected; existing printed reference 3 remains source evidence.","","/drawings/ft3w/ft3w-cabin-6-4.png","/review/figures/fig-cabin-6-4"
"fig-cabin-6-4","Windshield center hinge","fp-6-4-04","4","62-00184","Windshield hinge support","1","1","1","0","0","1","0","0","match","false","","Original6.4 clearly shows nut2bore, shim3two slots, support4four apertures, washer6centre, nut8centre and bearing9bore. Current exterior shapes do not establish these material holes. Current full plate visually inspected; existing printed reference 4 remains source evidence.","","/drawings/ft3w/ft3w-cabin-6-4.png","/review/figures/fig-cabin-6-4"
"fig-cabin-6-4","Windshield center hinge","fp-6-4-05","5","10-105040-121","Hex screw din 933 m5 x 0.8 x 40 - zinc plated - class 8.8","2","2","2","0","0","1","1","0","match","false","","Ref5 lower long screw has an identical upper screw on the second center-hinge flange axis.","","/drawings/ft3w/ft3w-cabin-6-4.png","/review/figures/fig-cabin-6-4"
"fig-cabin-6-4","Windshield center hinge","fp-6-4-06","6","13-105010-120","ZINC-PLATED STEEL WASHER, DIN 125, FOR M5 BOLT SIZE, 5,3 mm ID, 10 mm OD","2","2","2","0","0","1","1","0","match","false","","Ref6 lower washer is paired with an upper washer on the second long screw axis.","","/drawings/ft3w/ft3w-cabin-6-4.png","/review/figures/fig-cabin-6-4"
"fig-cabin-6-4","Windshield center hinge","fp-6-4-07","7","62-00191","Center hinge","1","1","1","0","0","1","0","0","match","false","","Each distinct hinge plate/arm traced separately; C-notch, upper aperture and foreground bolt/washer exclusions inspected. Current full plate visually inspected; existing printed reference 7 remains source evidence.","","/drawings/ft3w/ft3w-cabin-6-4.png","/review/figures/fig-cabin-6-4"
"fig-cabin-6-4","Windshield center hinge","fp-6-4-08","8","12-610000-112","M10 thin hex nut","1","1","1","0","0","1","0","0","match","false","","Original6.4 clearly shows nut2bore, shim3two slots, support4four apertures, washer6centre, nut8centre and bearing9bore. Current exterior shapes do not establish these material holes. Current full plate visually inspected; existing printed reference 8 remains source evidence.","","/drawings/ft3w/ft3w-cabin-6-4.png","/review/figures/fig-cabin-6-4"
"fig-cabin-6-4","Windshield center hinge","fp-6-4-09","9","19-00214","OIL-EMBEDDED FLANGED SLEEVE BEARING FOR 12 MM SHAFT DIAMETER AND 18 mm HOUSING ID, 8 mm LONG","2","2","2","0","0","1","1","0","match","false","","Ref9 upper flanged sleeve is paired with the lower sleeve at the second fork eye on the shoulder-bolt axis.","","/drawings/ft3w/ft3w-cabin-6-4.png","/review/figures/fig-cabin-6-4"
"fig-cabin-6-4","Windshield center hinge","fp-6-4-10","10","18-00174","M10 x 45 shoulder bolt","1","1","1","0","0","1","0","0","match","false","","Original6.4 full PNG directly labels lower-leftbolt1,lower-middlebolt5 and bottom-rightshoulderbolt10. Existing contours retained, no similar upperbolt inference. Current full plate visually inspected; existing printed reference 10 remains source evidence.","","/drawings/ft3w/ft3w-cabin-6-4.png","/review/figures/fig-cabin-6-4"
"fig-cabin-6-5","Windshield side hinge","fp-6-5-01","1","10-206020-121","Hex flanged screw din 6921 m6 x 1.0 x 20 - zinc plated - class 8.8","2","2","2","0","0","1","1","0","match","false","","Ref1 lower screw and matching upper screw align with the two support/shim holes.","","/drawings/ft3w/ft3w-cabin-6-5.png","/review/figures/fig-cabin-6-5"
"fig-cabin-6-5","Windshield side hinge","fp-6-5-02","2","12-206000-121","M6 x 1 hex flanged nut","4","4","4","0","0","1","3","0","match","false","","Ref2 front support nut has matching upper support nut and two detached nuts below the hinge flange, giving four visible flanged nuts.","","/drawings/ft3w/ft3w-cabin-6-5.png","/review/figures/fig-cabin-6-5"
"fig-cabin-6-5","Windshield side hinge","fp-6-5-03","3","62-00275","Door hinge shim","1","1","1","0","0","1","0","0","match","false","","Original6.5 has nut2bore, shim3two slots, support4four apertures, washer6centre, nut8centre and bearing9bore; source dimensions/positions differ from6.4. Current full plate visually inspected; existing printed reference 3 remains source evidence.","","/drawings/ft3w/ft3w-cabin-6-5.png","/review/figures/fig-cabin-6-5"
"fig-cabin-6-5","Windshield side hinge","fp-6-5-04","4","62-00184","Windshield hinge support","1","1","1","0","0","1","0","0","match","false","","Original6.5 has nut2bore, shim3two slots, support4four apertures, washer6centre, nut8centre and bearing9bore; source dimensions/positions differ from6.4. Current full plate visually inspected; existing printed reference 4 remains source evidence.","","/drawings/ft3w/ft3w-cabin-6-5.png","/review/figures/fig-cabin-6-5"
"fig-cabin-6-5","Windshield side hinge","fp-6-5-05","5","10-105040-121","Hex screw din 933 m5 x 0.8 x 40 - zinc plated - class 8.8","2","2","2","0","0","1","1","0","match","false","","Ref5 upper long screw has matching lower screw along second hinge flange hole axis.","","/drawings/ft3w/ft3w-cabin-6-5.png","/review/figures/fig-cabin-6-5"
"fig-cabin-6-5","Windshield side hinge","fp-6-5-06","6","13-105010-120","ZINC-PLATED STEEL WASHER, DIN 125, FOR M5 BOLT SIZE, 5,3 mm ID, 10 mm OD","2","2","2","0","0","1","1","0","match","false","","Ref6 upper washer is paired with lower washer on the second long screw axis.","","/drawings/ft3w/ft3w-cabin-6-5.png","/review/figures/fig-cabin-6-5"
"fig-cabin-6-5","Windshield side hinge","fp-6-5-07","7","62-00185","Windshield side hinge","1","1","1","0","0","1","0","0","match","false","","Each distinct hinge plate/arm traced separately; C-notch, upper aperture and foreground bolt/washer exclusions inspected. Current full plate visually inspected; existing printed reference 7 remains source evidence.","LEFT OR RIGHT","/drawings/ft3w/ft3w-cabin-6-5.png","/review/figures/fig-cabin-6-5"
"fig-cabin-6-5","Windshield side hinge","fp-6-5-08","8","12-610000-112","M10 thin hex nut","1","1","1","0","0","1","0","0","match","false","","Original6.5 has nut2bore, shim3two slots, support4four apertures, washer6centre, nut8centre and bearing9bore; source dimensions/positions differ from6.4. Current full plate visually inspected; existing printed reference 8 remains source evidence.","","/drawings/ft3w/ft3w-cabin-6-5.png","/review/figures/fig-cabin-6-5"
"fig-cabin-6-5","Windshield side hinge","fp-6-5-09","9","19-00214","OIL-EMBEDDED FLANGED SLEEVE BEARING FOR 12 MM SHAFT DIAMETER AND 18 mm HOUSING ID, 8 mm LONG","2","2","2","0","0","1","1","0","match","false","","Ref9 upper flanged sleeve is paired with lower sleeve at second fork eye, above the shoulder bolt.","","/drawings/ft3w/ft3w-cabin-6-5.png","/review/figures/fig-cabin-6-5"
"fig-cabin-6-5","Windshield side hinge","fp-6-5-10","10","18-00174","M10 x 45 shoulder bolt","1","1","1","0","0","1","0","0","match","false","","Original6.5 full PNG directly labels its lower-leftbolt1,upper-middlebolt5 and bottom-rightshoulderbolt10 independently of6.4. Existing contours retained, no same-looking extra bolts. Current full plate visually inspected; existing printed reference 10 remains source evidence.","","/drawings/ft3w/ft3w-cabin-6-5.png","/review/figures/fig-cabin-6-5"
"fig-cabin-6-6","Front gate","fp-6-6-01","1","62-00726","Front door","1","1","0","0","1","1","0","0","match","false","","Door1 cropped bottom; ladder3 touches top source boundary. Current full plate visually inspected; existing printed reference 1 remains source evidence.","","/drawings/ft3w/ft3w-cabin-6-6.png","/review/figures/fig-cabin-6-6"
"fig-cabin-6-6","Front gate","fp-6-6-02","2","62-00728","Front door lid","1","1","1","0","0","1","0","0","match","false","","Original6.6 lid2 has multiple narrow slots/large cutouts and small bores; cover4 sideplate has small mounting holes. Current exteriors not complete material. Current full plate visually inspected; existing printed reference 2 remains source evidence.","","/drawings/ft3w/ft3w-cabin-6-6.png","/review/figures/fig-cabin-6-6"
"fig-cabin-6-6","Front gate","fp-6-6-03","3","62-00181","Front ladder","1","1","0","0","1","1","0","0","match","false","","Door1 cropped bottom; ladder3 touches top source boundary. Current full plate visually inspected; existing printed reference 3 remains source evidence.","","/drawings/ft3w/ft3w-cabin-6-6.png","/review/figures/fig-cabin-6-6"
"fig-cabin-6-6","Front gate","fp-6-6-04","4","62-00850","Windshield latch cover","1","1","1","0","0","1","0","0","match","false","","Original6.6 lid2 has multiple narrow slots/large cutouts and small bores; cover4 sideplate has small mounting holes. Current exteriors not complete material. Current full plate visually inspected; existing printed reference 4 remains source evidence.","","/drawings/ft3w/ft3w-cabin-6-6.png","/review/figures/fig-cabin-6-6"
"fig-cabin-6-6","Front gate","fp-6-6-05","5","19-00324","HIGH-TEMPERATURE PLASTIC TAPERED HANDLE WITH M8 X 1.25mm THREADED HOLE, 65mm LONG","2","1","1","0","0","1","0","1","shortfall","true","","Original leaders and manufacturerPDF22 positively confirm5upper tapered handle19-00324,6lower pushbutton17-00133. Initial swap suspicion withdrawn; no source association change. Current full plate visually inspected; existing printed reference 5 remains source evidence.  Remaining count is not assigned coordinates: occluded, absent, source-conflicted or insufficiently distinguishable physical objects cannot be derived from Quantity. Existing marker position alone remains selectable without a traced contour.","","/drawings/ft3w/ft3w-cabin-6-6.png","/review/figures/fig-cabin-6-6"
"fig-cabin-6-6","Front gate","fp-6-6-06","6","17-00133","Non locking push button","1","1","1","0","0","1","0","0","match","false","","Original leaders and manufacturerPDF22 positively confirm5upper tapered handle19-00324,6lower pushbutton17-00133. Initial swap suspicion withdrawn; no source association change. Current full plate visually inspected; existing printed reference 6 remains source evidence.","","/drawings/ft3w/ft3w-cabin-6-6.png","/review/figures/fig-cabin-6-6"
"fig-cabin-6-6","Front gate","fp-6-6-07","7","62-00677","Push button support","1","1","1","0","0","1","0","0","match","false","","Detached support7/large hole and strap14/two end holes source-traced; correct existing5/6 handle/button mappings retained. Current full plate visually inspected; existing printed reference 7 remains source evidence.","","/drawings/ft3w/ft3w-cabin-6-6.png","/review/figures/fig-cabin-6-6"
"fig-cabin-6-6","Front gate","fp-6-6-08","8","62-00678","Ring cable support","1","1","0","0","1","1","0","0","match","false","","Original6.6 labels ring-support8,puller9,catch-stiffener12,paddle13 and detachedlatch15. Printed15PN17-00040 PDFRIGHTpush-to-close versus globalLEFTHANDactuation may be side/mechanism terms, not proven conflict. Current full plate visually inspected; existing printed reference 8 remains source evidence.","","/drawings/ft3w/ft3w-cabin-6-6.png","/review/figures/fig-cabin-6-6"
"fig-cabin-6-6","Front gate","fp-6-6-09","9","62-00679","Cable puller","1","1","0","0","1","1","0","0","match","false","","Original6.6 labels ring-support8,puller9,catch-stiffener12,paddle13 and detachedlatch15. Printed15PN17-00040 PDFRIGHTpush-to-close versus globalLEFTHANDactuation may be side/mechanism terms, not proven conflict. Current full plate visually inspected; existing printed reference 9 remains source evidence.","","/drawings/ft3w/ft3w-cabin-6-6.png","/review/figures/fig-cabin-6-6"
"fig-cabin-6-6","Front gate","fp-6-6-10","10","17-00119","Cable assembly","1","1","0","0","1","1","0","0","match","false","","Cable/spring actual material is thin and crowded; a filled envelope would include empty background. Current full plate visually inspected; existing printed reference 10 remains source evidence.","","/drawings/ft3w/ft3w-cabin-6-6.png","/review/figures/fig-cabin-6-6"
"fig-cabin-6-6","Front gate","fp-6-6-11","11","17-00086","Right latch cable","1","1","0","0","1","1","0","0","match","false","","Cable/spring actual material is thin and crowded; a filled envelope would include empty background. Current full plate visually inspected; existing printed reference 11 remains source evidence.","","/drawings/ft3w/ft3w-cabin-6-6.png","/review/figures/fig-cabin-6-6"
"fig-cabin-6-6","Front gate","fp-6-6-12","12","61-00044","Front door catch stiffener","1","1","0","0","1","1","0","0","match","false","","Original6.6 labels ring-support8,puller9,catch-stiffener12,paddle13 and detachedlatch15. Printed15PN17-00040 PDFRIGHTpush-to-close versus globalLEFTHANDactuation may be side/mechanism terms, not proven conflict. Current full plate visually inspected; existing printed reference 12 remains source evidence.","","/drawings/ft3w/ft3w-cabin-6-6.png","/review/figures/fig-cabin-6-6"
"fig-cabin-6-6","Front gate","fp-6-6-13","13","61-00031","Front door latch paddle","1","1","0","0","1","1","0","0","match","false","","Original6.6 labels ring-support8,puller9,catch-stiffener12,paddle13 and detachedlatch15. Printed15PN17-00040 PDFRIGHTpush-to-close versus globalLEFTHANDactuation may be side/mechanism terms, not proven conflict. Current full plate visually inspected; existing printed reference 13 remains source evidence.","","/drawings/ft3w/ft3w-cabin-6-6.png","/review/figures/fig-cabin-6-6"
"fig-cabin-6-6","Front gate","fp-6-6-14","14","62-00829","Door latch cover","2","2","2","0","0","1","1","0","match","false","","Ref14 leader identifies slim door latch cover at upper center-left; matching second detached cover stands below the latch paddle at lower center-right. Lower portion occluded by detail bubble excluded.","","/drawings/ft3w/ft3w-cabin-6-6.png","/review/figures/fig-cabin-6-6"
"fig-cabin-6-6","Front gate","fp-6-6-15","15","17-00040","ROTARY PUSH-TO-CLOSE LATCH, SMALL SIZE, SINGLE STAGE, PERPENDICULAR LEVER, 7.2mm THROUGH HOLE, STEEL, ZINC PLATE, BRIGHT CHROMATE LEFT HAND ACTUATION","1","1","0","0","1","1","0","0","match","false","","Original6.6 labels ring-support8,puller9,catch-stiffener12,paddle13 and detachedlatch15. Printed15PN17-00040 PDFRIGHTpush-to-close versus globalLEFTHANDactuation may be side/mechanism terms, not proven conflict. Current full plate visually inspected; existing printed reference 15 remains source evidence.","For left side latch p/n 17-00037","/drawings/ft3w/ft3w-cabin-6-6.png","/review/figures/fig-cabin-6-6"
"fig-cabin-6-6","Front gate","fp-6-6-16","16","18-00045","LOW-PROFILE SHOULDER SCREW 12 mm SHOULDER DIAMETER, 20 mm SHOULDER LENGTH, M10 X 1.5 mm THREAD","2","1","0","0","1","1","0","1","shortfall","true","","Original6.6 lower-left screw16,bearing17 and ballstud18 tiny; leader dot materially obscures18, bearing bore only few pixels. Current full plate visually inspected; existing printed reference 16 remains source evidence.  Remaining count is not assigned coordinates: occluded, absent, source-conflicted or insufficiently distinguishable physical objects cannot be derived from Quantity. Existing marker position alone remains selectable without a traced contour.","","/drawings/ft3w/ft3w-cabin-6-6.png","/review/figures/fig-cabin-6-6"
"fig-cabin-6-6","Front gate","fp-6-6-17","17","19-00214","OIL-EMBEDDED FLANGED SLEEVE BEARING FOR 12 MM SHAFT DIAMETER AND 18 mm HOUSING ID, 8 mm LONG","4","1","0","0","1","1","0","3","shortfall","true","","Original6.6 lower-left screw16,bearing17 and ballstud18 tiny; leader dot materially obscures18, bearing bore only few pixels. Current full plate visually inspected; existing printed reference 17 remains source evidence.  Remaining count is not assigned coordinates: occluded, absent, source-conflicted or insufficiently distinguishable physical objects cannot be derived from Quantity. Existing marker position alone remains selectable without a traced contour.","","/drawings/ft3w/ft3w-cabin-6-6.png","/review/figures/fig-cabin-6-6"
"fig-cabin-6-6","Front gate","fp-6-6-18","18","17-00009","10mm BALL STUD 5/16-18 ZINC PLATED","2","1","0","0","1","1","0","1","shortfall","true","","Original6.6 lower-left screw16,bearing17 and ballstud18 tiny; leader dot materially obscures18, bearing bore only few pixels. Current full plate visually inspected; existing printed reference 18 remains source evidence.  Remaining count is not assigned coordinates: occluded, absent, source-conflicted or insufficiently distinguishable physical objects cannot be derived from Quantity. Existing marker position alone remains selectable without a traced contour.","","/drawings/ft3w/ft3w-cabin-6-6.png","/review/figures/fig-cabin-6-6"
"fig-cabin-6-6","Front gate","fp-6-6-19","19","18-00044","Music-wire steel extension springs with hook ends zinc-plated, 1.5 long","2","1","0","0","1","1","0","1","shortfall","true","","Cable/spring actual material is thin and crowded; a filled envelope would include empty background. Current full plate visually inspected; existing printed reference 19 remains source evidence.  Remaining count is not assigned coordinates: occluded, absent, source-conflicted or insufficiently distinguishable physical objects cannot be derived from Quantity. Existing marker position alone remains selectable without a traced contour.","","/drawings/ft3w/ft3w-cabin-6-6.png","/review/figures/fig-cabin-6-6"
"fig-cabin-6-6","Front gate","fp-6-6-20","20","17-00028","Rotary push-to-close latch, striker bolt , steel, zinc plate, bright chromate","2","1","0","0","1","1","0","1","shortfall","true","","Explicit inset leaders target three distinct bolt/bushing/plate bodies, not the enclosing grey ellipse; RIGHT SIDE NOT SHOWN is not exemption for shown inset. Current full plate visually inspected; existing printed reference 20 remains source evidence.  Remaining count is not assigned coordinates: occluded, absent, source-conflicted or insufficiently distinguishable physical objects cannot be derived from Quantity. Existing marker position alone remains selectable without a traced contour.","RIGHT SIDE NOT SHOWN","/drawings/ft3w/ft3w-cabin-6-6.png","/review/figures/fig-cabin-6-6"
"fig-cabin-6-6","Front gate","fp-6-6-21","21","62-00675","Striker pin bushing","2","1","0","0","1","1","0","1","shortfall","true","","Explicit inset leaders target three distinct bolt/bushing/plate bodies, not the enclosing grey ellipse; RIGHT SIDE NOT SHOWN is not exemption for shown inset. Current full plate visually inspected; existing printed reference 21 remains source evidence.  Remaining count is not assigned coordinates: occluded, absent, source-conflicted or insufficiently distinguishable physical objects cannot be derived from Quantity. Existing marker position alone remains selectable without a traced contour.","RIGHT SIDE NOT SHOWN","/drawings/ft3w/ft3w-cabin-6-6.png","/review/figures/fig-cabin-6-6"
"fig-cabin-6-6","Front gate","fp-6-6-22","22","62-00307","Striker bolt plate","2","1","0","0","1","1","0","1","shortfall","true","","Explicit inset leaders target three distinct bolt/bushing/plate bodies, not the enclosing grey ellipse; RIGHT SIDE NOT SHOWN is not exemption for shown inset. Current full plate visually inspected; existing printed reference 22 remains source evidence.  Remaining count is not assigned coordinates: occluded, absent, source-conflicted or insufficiently distinguishable physical objects cannot be derived from Quantity. Existing marker position alone remains selectable without a traced contour.","RIGHT SIDE NOT SHOWN","/drawings/ft3w/ft3w-cabin-6-6.png","/review/figures/fig-cabin-6-6"
"fig-cabin-6-6","Front gate","fp-6-6-23","","62-00203","Front gate pivot","2","0","0","0","0","0","0","2","unmapped","true","","No source callout associated with this imported row. NOT SHOWN Legacy/source remark explicitly says NOT SHOWN; this is evidence, not approved depiction exception. Remaining count is not assigned coordinates: occluded, absent, source-conflicted or insufficiently distinguishable physical objects cannot be derived from Quantity. Existing marker position alone remains selectable without a traced contour.","NOT SHOWN","/drawings/ft3w/ft3w-cabin-6-6.png","/review/figures/fig-cabin-6-6"
"fig-cabin-6-6","Front gate","fp-6-6-24","","62-00356","Gas strut","2","0","0","0","0","0","0","2","unmapped","true","","No source callout associated with this imported row. NOT SHOWN Legacy/source remark explicitly says NOT SHOWN; this is evidence, not approved depiction exception. Remaining count is not assigned coordinates: occluded, absent, source-conflicted or insufficiently distinguishable physical objects cannot be derived from Quantity. Existing marker position alone remains selectable without a traced contour.","NOT SHOWN","/drawings/ft3w/ft3w-cabin-6-6.png","/review/figures/fig-cabin-6-6"
"fig-cabin-6-7","Rear gate - upper section","fp-6-7-02","1","61-00141","Rear window","1","1","1","0","0","1","0","0","match","false","","Exact source-edge recheck: pane1 rounded bottom ends at y717, with no dark pixels in pane window at718/719. It is near-edge but not clipped. Two true pane apertures added; previous broad crop classification corrected. Current full plate visually inspected; existing printed reference 1 remains source evidence.","","/drawings/ft3w/ft3w-cabin-6-7.png","/review/figures/fig-cabin-6-7"
"fig-cabin-6-7","Rear gate - upper section","fp-6-7-03","2","19-00368","Trim seal 100100b3x1/4a","17","1","1","0","0","1","0","16","shortfall","true","","Original PNG independently inspected and visible material traced; native physical/label/row selection verified. Hidden right/bottom continuation behind pane remains excluded Current full plate visually inspected; existing printed reference 2 remains source evidence.  Remaining count is not assigned coordinates: occluded, absent, source-conflicted or insufficiently distinguishable physical objects cannot be derived from Quantity. Existing marker position alone remains selectable without a traced contour.","SOLD BY THE FOOT","/drawings/ft3w/ft3w-cabin-6-7.png","/review/figures/fig-cabin-6-7"
"fig-cabin-6-7","Rear gate - upper section","fp-6-7-04","3","61-00145","Rear window frame","1","1","1","0","0","1","0","0","match","false","","Original PNG independently inspected and visible material traced; native physical/label/row selection verified. Small fastener holes and foreground-holder occlusions remain partial Current full plate visually inspected; existing printed reference 3 remains source evidence.","","/drawings/ft3w/ft3w-cabin-6-7.png","/review/figures/fig-cabin-6-7"
"fig-cabin-6-7","Rear gate - upper section","fp-6-7-05","4","61-00146","Rear window cable cover","1","1","1","0","0","1","0","0","match","false","","Original PNG independently inspected and visible material traced; native physical/label/row selection verified. Two solid channel faces traced; small mounting holes and end fold recess remain partial Current full plate visually inspected; existing printed reference 4 remains source evidence.","","/drawings/ft3w/ft3w-cabin-6-7.png","/review/figures/fig-cabin-6-7"
"fig-cabin-6-7","Rear gate - upper section","fp-6-7-06","5","61-00147","Double cable holder","2","2","2","0","0","1","1","0","match","false","","Ref5 lower double-cable holder is paired with the upper bent holder on the rear window cable-cover mounting group.","","/drawings/ft3w/ft3w-cabin-6-7.png","/review/figures/fig-cabin-6-7"
"fig-cabin-6-7","Rear gate - upper section","fp-6-7-07","6","61-00144","Rear door hinge","2","1","1","0","0","1","0","1","shortfall","true","","Task10c original PNG/zoom inspection and native physical/label/row checks: two exposed hinge6 portions, support7 loop and rail-occluded lower tip, separate left shim8 traced. Support7 loop startsy2 with no darkpixels at0/1 in source window, so not clipped. Current full plate visually inspected; existing printed reference 6 remains source evidence.  Remaining count is not assigned coordinates: occluded, absent, source-conflicted or insufficiently distinguishable physical objects cannot be derived from Quantity. Existing marker position alone remains selectable without a traced contour.","","/drawings/ft3w/ft3w-cabin-6-7.png","/review/figures/fig-cabin-6-7"
"fig-cabin-6-7","Rear gate - upper section","fp-6-7-08","7","62-00184","Windshield hinge support","2","1","1","0","0","1","0","1","shortfall","true","","Task10c original PNG/zoom inspection and native physical/label/row checks: two exposed hinge6 portions, support7 loop and rail-occluded lower tip, separate left shim8 traced. Support7 loop startsy2 with no darkpixels at0/1 in source window, so not clipped. Current full plate visually inspected; existing printed reference 7 remains source evidence.  Remaining count is not assigned coordinates: occluded, absent, source-conflicted or insufficiently distinguishable physical objects cannot be derived from Quantity. Existing marker position alone remains selectable without a traced contour.","","/drawings/ft3w/ft3w-cabin-6-7.png","/review/figures/fig-cabin-6-7"
"fig-cabin-6-7","Rear gate - upper section","fp-6-7-09","8","62-00275","Door hinge shim","2","2","2","0","0","1","1","0","match","false","","Ref8 left thin door hinge shim has a matching thin shim below the right hinge, separate from the vertical hinge body.","","/drawings/ft3w/ft3w-cabin-6-7.png","/review/figures/fig-cabin-6-7"
"fig-cabin-6-7","Rear gate - upper section","fp-6-7-10","9","17-00150","Front push button handle","1","1","1","0","0","1","0","0","match","false","","Full original6.7 PNG labels detached pushbutton handle9 and left gas spring13; current exterior proposals source-bound. No source identity conflict found. Current full plate visually inspected; existing printed reference 9 remains source evidence.","","/drawings/ft3w/ft3w-cabin-6-7.png","/review/figures/fig-cabin-6-7"
"fig-cabin-6-7","Rear gate - upper section","fp-6-7-11","10","17-00151","Rear push button handle","1","1","1","0","0","1","0","0","match","false","","Original PNG independently inspected and visible material traced; native physical/label/row selection verified. Bent handle traced; fine end recesses remain partial Current full plate visually inspected; existing printed reference 10 remains source evidence.","","/drawings/ft3w/ft3w-cabin-6-7.png","/review/figures/fig-cabin-6-7"
"fig-cabin-6-7","Rear gate - upper section","fp-6-7-12","11","17-00126","Right push to close latch","1","1","1","0","0","1","0","0","match","false","","Original11 detached RIGHT push-to-close latch at lower left: directly labelled case and projecting arm only. Opaque internal mechanism retained; tiny apertures/leader-obscured centre remain partial. Current full plate visually inspected; existing printed reference 11 remains source evidence.","","/drawings/ft3w/ft3w-cabin-6-7.png","/review/figures/fig-cabin-6-7"
"fig-cabin-6-7","Rear gate - upper section","fp-6-7-13","12","17-00125","Left push to close latch","1","1","1","0","0","1","0","0","match","false","","Original12 directly labelled LEFT latch beside frame: distinct case and upper arm, with open concave gap left of lower arm. Nearby loose fitting/frame not included. Tiny apertures and internal mechanism detail remain partial. Current full plate visually inspected; existing printed reference 12 remains source evidence.","","/drawings/ft3w/ft3w-cabin-6-7.png","/review/figures/fig-cabin-6-7"
"fig-cabin-6-7","Rear gate - upper section","fp-6-7-14","13","17-00050","Gas spring (lexan windshield)","2","2","2","0","0","1","1","0","match","false","","Ref13 left gas spring has matching right detached spring on the opposite rear-window side.","","/drawings/ft3w/ft3w-cabin-6-7.png","/review/figures/fig-cabin-6-7"
"fig-cabin-6-7","Rear gate - upper section","fp-6-7-15","14","62-00202","Tailgate latch nut","2","2","2","0","0","1","1","0","match","false","","Ref14 left latch nut is paired with the small matching nut to the left of the right-hand latch.","","/drawings/ft3w/ft3w-cabin-6-7.png","/review/figures/fig-cabin-6-7"
"fig-cabin-6-7","Rear gate - upper section","fp-6-7-16","15","10-006030-120","M6 bolt","4","2","2","0","0","1","1","2","shortfall","true","","Ref15 leader targets lower of two visibly separate M6 bolts near the left latch. Upper matching bolt is also identifiable; remaining opposite-side bolts are not distinctly shown. Remaining count is not assigned coordinates: occluded, absent, source-conflicted or insufficiently distinguishable physical objects cannot be derived from Quantity.","","/drawings/ft3w/ft3w-cabin-6-7.png","/review/figures/fig-cabin-6-7"
"fig-cabin-6-7","Rear gate - upper section","fp-6-7-17","16","17-00009","10mm BALL STUD 5/16-18 ZINC PLATED","4","1","1","0","0","1","0","3","shortfall","true","","Original16 ball stud: only source-separable exposed right cap edge is traced. Remaining dark head/shaft merges with printed leader, so full extent is resolution-limited and no generic leader dot is outlined. Current full plate visually inspected; existing printed reference 16 remains source evidence.  Remaining count is not assigned coordinates: occluded, absent, source-conflicted or insufficiently distinguishable physical objects cannot be derived from Quantity. Existing marker position alone remains selectable without a traced contour.","","/drawings/ft3w/ft3w-cabin-6-7.png","/review/figures/fig-cabin-6-7"
"fig-cabin-6-7","Rear gate - upper section","fp-6-7-18","17","18-00053","M10 alloy steel shoulder screws","2","2","2","0","0","1","1","0","match","false","","Ref17 left shoulder screw is paired with a matching detached screw to the right of upper hinge.","","/drawings/ft3w/ft3w-cabin-6-7.png","/review/figures/fig-cabin-6-7"
"fig-cabin-6-7","Rear gate - upper section","fp-6-7-19","18","12-710000-120","MEDIUM-STRENGTH STEEL THIN HEX NUT CLASS 04, ZINC-PLATED, M10 X 1.5 mm THREAD","2","2","2","0","0","1","1","0","match","false","","Ref18 left thin nut has matching thin nut between the right hinge and its detached shoulder screw.","","/drawings/ft3w/ft3w-cabin-6-7.png","/review/figures/fig-cabin-6-7"
"fig-cabin-6-7","Rear gate - upper section","fp-6-7-01","","61-00143","Rear hatch assembly","0","0","0","0","0","0","0","0","match","false","","Quantity0 is an assembly heading; it does not request a physical instance. No source callout associated with this imported row. Includes parts 1-18 Original workbook rawQTY0 informational assembly row; do not coerce/drop.","Includes parts 1-18","/drawings/ft3w/ft3w-cabin-6-7.png","/review/figures/fig-cabin-6-7"
"fig-cabin-6-8","Rear gate - lower section","fp-6-8-02","1","62-00800","Tail gate","1","1","1","0","0","1","0","0","match","false","","Exact source-edge recheck: gate1 lower support ends at y714, rows715–719 clear in source window; not clipped. Existing exterior fills support/plate apertures and overlaps foreground gas spring. Current full plate visually inspected; existing printed reference 1 remains source evidence.","","/drawings/ft3w/ft3w-cabin-6-8.png","/review/figures/fig-cabin-6-8"
"fig-cabin-6-8","Rear gate - lower section","fp-6-8-03","2","62-00806","Rear door lid","1","1","1","0","0","1","0","0","match","false","","Original2 lid visible sheet and upper cut-out boundary traced independently from foreground gate1. Large side slots and opening beneath bent flap excluded; flap opaque material retained. Hidden right/lower sheet is not bridged across gate1. Fine bores and close fold/foreground joins remain partial. Current full plate visually inspected; existing printed reference 2 remains source evidence.","","/drawings/ft3w/ft3w-cabin-6-8.png","/review/figures/fig-cabin-6-8"
"fig-cabin-6-8","Rear gate - lower section","fp-6-8-04","3","62-00805","Rear ladder","1","1","1","0","0","1","0","0","match","false","","Original3 complete source-visible ladder exterior and clear upper opening traced, preserving open space below the cross rung through concave outer boundary. Printed ladder top is at y15, not cropped. Cubic mounts and tubular feet retained; small mounting bores/serrated rung detail remain partial. Current full plate visually inspected; existing printed reference 3 remains source evidence.","","/drawings/ft3w/ft3w-cabin-6-8.png","/review/figures/fig-cabin-6-8"
"fig-cabin-6-8","Rear gate - lower section","fp-6-8-05","4","62-00829","Door latch cover","2","2","2","0","0","1","1","0","match","false","","Ref4 lower-left latch cover is paired with the matching vertical detached cover beside upper latch.","","/drawings/ft3w/ft3w-cabin-6-8.png","/review/figures/fig-cabin-6-8"
"fig-cabin-6-8","Rear gate - lower section","fp-6-8-06","5","62-00809","Support push button","1","1","1","0","0","1","0","0","match","false","","Original6.8 PNG cover4 and pushbutton support5 are separate plates with visible mounting openings; current exteriors lack exact hole material. Current full plate visually inspected; existing printed reference 5 remains source evidence.","","/drawings/ft3w/ft3w-cabin-6-8.png","/review/figures/fig-cabin-6-8"
"fig-cabin-6-8","Rear gate - lower section","fp-6-8-07","6","17-00133","Non locking push button","1","1","1","0","0","1","0","0","match","false","","Original6.8 explicitly labels detached pushbutton6 and right gas strut17; no extra spring below-left inferred from resemblance. Current full plate visually inspected; existing printed reference 6 remains source evidence.","","/drawings/ft3w/ft3w-cabin-6-8.png","/review/figures/fig-cabin-6-8"
"fig-cabin-6-8","Rear gate - lower section","fp-6-8-08","7","62-00678","Ring cable support","1","1","1","0","0","1","0","0","match","false","","Original7 directly labelled upper ring-support mechanism: clear bracket material and upper aperture only. Adjacent U-shaped cable is not merged solely by proximity; exact cable/support ownership and lower fine joins remain partial source work. Current full plate visually inspected; existing printed reference 7 remains source evidence.","","/drawings/ft3w/ft3w-cabin-6-8.png","/review/figures/fig-cabin-6-8"
"fig-cabin-6-8","Rear gate - lower section","fp-6-8-09","8","17-00040","ROTARY PUSH-TO-CLOSE LATCH, SMALL SIZE, SINGLE STAGE, PERPENDICULAR LEVER, 7.2mm THROUGH HOLE, STEEL, ZINC PLATE, BRIGHT CHROMATE LEFT HAND ACTUATION","1","1","1","0","0","1","0","0","match","false","","Original8 left detached rotary latch: visible case/lever and clear upper window. Separate cable beside it and tailgate nut10 excluded. Tiny lower latch detail/bores remain partial. Current full plate visually inspected; existing printed reference 8 remains source evidence.","","/drawings/ft3w/ft3w-cabin-6-8.png","/review/figures/fig-cabin-6-8"
"fig-cabin-6-8","Rear gate - lower section","fp-6-8-10","9","17-00037","ROTARY PUSH-TO-CLOSE LATCH, SMALL SIZE, SINGLE STAGE, PERPENDICULAR LEVER, 7.2mm THROUGH HOLE, STEEL, ZINC PLATE, BRIGHT CHROMATE RIGHT HAND ACTUATION","1","1","1","0","0","1","0","0","match","false","","Original9 directly labelled right detached rotary latch, preserving obvious gaps around separate arms via concave outline. Fine sockets, cable attachment and tiny holes remain partial; no neighboring plate/cable included. Current full plate visually inspected; existing printed reference 9 remains source evidence.","","/drawings/ft3w/ft3w-cabin-6-8.png","/review/figures/fig-cabin-6-8"
"fig-cabin-6-8","Rear gate - lower section","fp-6-8-11","10","62-00202","Tailgate latch nut","2","1","1","0","0","1","0","1","shortfall","true","","Original10 small detached latch nut beside8, directly established narrow body only. Leader obscures part of centre; no generic filled enlarged ellipse. Bore/wall detail remains resolution-limited partial. Current full plate visually inspected; existing printed reference 10 remains source evidence.  Remaining count is not assigned coordinates: occluded, absent, source-conflicted or insufficiently distinguishable physical objects cannot be derived from Quantity. Existing marker position alone remains selectable without a traced contour.","","/drawings/ft3w/ft3w-cabin-6-8.png","/review/figures/fig-cabin-6-8"
"fig-cabin-6-8","Rear gate - lower section","fp-6-8-12","11","17-00021","Tailgate cable","2","2","2","0","0","1","1","0","match","false","","Ref11 lower-left tailgate cable and upper-right cable share clevis/eye ends and symmetric tailgate anchoring geometry.","","/drawings/ft3w/ft3w-cabin-6-8.png","/review/figures/fig-cabin-6-8"
"fig-cabin-6-8","Rear gate - lower section","fp-6-8-13","12","18-00045","LOW-PROFILE SHOULDER SCREW 12 mm SHOULDER DIAMETER, 20 mm SHOULDER LENGTH, M10 X 1.5 mm THREAD","2","2","2","0","0","1","1","0","match","false","","Ref12 left shoulder screw has matching detached screw below the upper-right gate pivot.","","/drawings/ft3w/ft3w-cabin-6-8.png","/review/figures/fig-cabin-6-8"
"fig-cabin-6-8","Rear gate - lower section","fp-6-8-14","13","19-00214","OIL-EMBEDDED FLANGED SLEEVE BEARING FOR 12 MM SHAFT DIAMETER AND 18 mm HOUSING ID, 8 mm LONG","4","2","2","0","0","1","1","2","shortfall","true","","Ref13 identifies the near flanged sleeve below left gate pivot; second matching sleeve is visibly separated just above-right. Other two sleeves cannot be separated on this plate. Remaining count is not assigned coordinates: occluded, absent, source-conflicted or insufficiently distinguishable physical objects cannot be derived from Quantity.","","/drawings/ft3w/ft3w-cabin-6-8.png","/review/figures/fig-cabin-6-8"
"fig-cabin-6-8","Rear gate - lower section","fp-6-8-15","14","17-00009","10mm BALL STUD 5/16-18 ZINC PLATED","4","2","2","0","0","1","1","2","shortfall","true","","Ref14 left detached ball stud has matching upper-right ball stud next to the second gate pivot; installed end hardware is not double counted. Remaining count is not assigned coordinates: occluded, absent, source-conflicted or insufficiently distinguishable physical objects cannot be derived from Quantity.","","/drawings/ft3w/ft3w-cabin-6-8.png","/review/figures/fig-cabin-6-8"
"fig-cabin-6-8","Rear gate - lower section","fp-6-8-16","15","62-00203","Front gate pivot","2","2","2","0","0","1","1","0","match","false","","Ref15 upper-right gate pivot has the matching lower-left pivot bracket beside ladder foot.","LEFT OR RIGHT","/drawings/ft3w/ft3w-cabin-6-8.png","/review/figures/fig-cabin-6-8"
"fig-cabin-6-8","Rear gate - lower section","fp-6-8-17","16","18-00042","M10 precision screw","4","1","1","0","0","1","0","3","shortfall","true","","Original16 directly labelled detached precision screw below ladder. Only compact visible screw silhouette, not printed leader. Fine head/thread separation remains partial at source scale. Current full plate visually inspected; existing printed reference 16 remains source evidence.  Remaining count is not assigned coordinates: occluded, absent, source-conflicted or insufficiently distinguishable physical objects cannot be derived from Quantity. Existing marker position alone remains selectable without a traced contour.","","/drawings/ft3w/ft3w-cabin-6-8.png","/review/figures/fig-cabin-6-8"
"fig-cabin-6-8","Rear gate - lower section","fp-6-8-18","17","62-00356","Gas strut","2","2","2","0","0","1","1","0","match","false","","Ref17 right gas strut has matching lower detached gas strut in front of tailgate. Distinct two units are shown.","","/drawings/ft3w/ft3w-cabin-6-8.png","/review/figures/fig-cabin-6-8"
"fig-cabin-6-8","Rear gate - lower section","fp-6-8-01","","62-00807","Rear gate - lower section assembly","0","0","0","0","0","0","0","0","match","false","","Quantity0 is an assembly heading; it does not request a physical instance. No source callout associated with this imported row. Includes parts 1-15 Original workbook rawQTY0 informational assembly row; do not coerce/drop.","Includes parts 1-15","/drawings/ft3w/ft3w-cabin-6-8.png","/review/figures/fig-cabin-6-8"
"fig-cabin-6-9","Brushguards and rack","fp-6-9-01","1","82-00269","Roof rack bottom panel","1","1","1","0","0","1","0","0","match","false","","Original6.9 full PNG directly labels detached bent roofpanel1/frontpanel2/support3, with visible small mounting holes and panel2triangular end opening; current outlines require material refinement. Current full plate visually inspected; existing printed reference 1 remains source evidence.","","/drawings/ft3w/ft3w-cabin-6-9.png","/review/figures/fig-cabin-6-9"
"fig-cabin-6-9","Brushguards and rack","fp-6-9-02","2","82-00268","Roof rack front panel","1","1","1","0","0","1","0","0","match","false","","Original6.9 full PNG directly labels detached bent roofpanel1/frontpanel2/support3, with visible small mounting holes and panel2triangular end opening; current outlines require material refinement. Current full plate visually inspected; existing printed reference 2 remains source evidence.","","/drawings/ft3w/ft3w-cabin-6-9.png","/review/figures/fig-cabin-6-9"
"fig-cabin-6-9","Brushguards and rack","fp-6-9-03","3","86-00240","Search light support","1","1","1","0","0","1","0","0","match","false","","Original6.9 full PNG directly labels detached bent roofpanel1/frontpanel2/support3, with visible small mounting holes and panel2triangular end opening; current outlines require material refinement. Current full plate visually inspected; existing printed reference 3 remains source evidence.","","/drawings/ft3w/ft3w-cabin-6-9.png","/review/figures/fig-cabin-6-9"
"fig-cabin-6-9","Brushguards and rack","fp-6-9-04","4","82-00398","Roof rack offset fixation traverse","1","1","1","0","0","1","0","0","match","false","","Original4 directly labelled front offset traverse: only separable right material traced; lower U-shaped crossbar occludes left/middle continuation. Source full/crop and native overlay personally inspected2026-09-09. Current full plate visually inspected; existing printed reference 4 remains source evidence.","","/drawings/ft3w/ft3w-cabin-6-9.png","/review/figures/fig-cabin-6-9"
"fig-cabin-6-9","Brushguards and rack","fp-6-9-05","5","82-00264","Roof rack fixation traverse","3","1","1","0","0","1","0","2","shortfall","true","","Original5 and6 each directly identify a different individual narrow traverse. Each source-visible channel traced separately at useful source zoom; other quantity copies and deck field excluded. Native overlay personally inspected2026-09-09. Current full plate visually inspected; existing printed reference 5 remains source evidence.  Remaining count is not assigned coordinates: occluded, absent, source-conflicted or insufficiently distinguishable physical objects cannot be derived from Quantity. Existing marker position alone remains selectable without a traced contour.","","/drawings/ft3w/ft3w-cabin-6-9.png","/review/figures/fig-cabin-6-9"
"fig-cabin-6-9","Brushguards and rack","fp-6-9-06","6","82-00254","Roof rack traverse","8","1","1","0","0","1","0","7","shortfall","true","","Original5 and6 each directly identify a different individual narrow traverse. Each source-visible channel traced separately at useful source zoom; other quantity copies and deck field excluded. Native overlay personally inspected2026-09-09. Current full plate visually inspected; existing printed reference 6 remains source evidence.  Remaining count is not assigned coordinates: occluded, absent, source-conflicted or insufficiently distinguishable physical objects cannot be derived from Quantity. Existing marker position alone remains selectable without a traced contour.","","/drawings/ft3w/ft3w-cabin-6-9.png","/review/figures/fig-cabin-6-9"
"fig-cabin-6-9","Brushguards and rack","fp-6-9-07","7","82-00396","Roof rack right side","1","1","1","0","0","1","0","0","match","false","","Original7 highly oblique truss personally inspected full,8x crops and source-only rotated inspection; native overlays confirm only two source-separable outer rail bands are traced. No full perforated-face envelope or extra occurrence. This is a bounded partial material addition, not finished truss coverage. Current full plate visually inspected; existing printed reference 7 remains source evidence.","","/drawings/ft3w/ft3w-cabin-6-9.png","/review/figures/fig-cabin-6-9"
"fig-cabin-6-9","Brushguards and rack","fp-6-9-08","8","82-00397","Roof rack back side","1","1","1","0","0","1","0","0","match","false","","Original8 back truss traced with all twelve clearly enclosed triangular holes; source full/crop and native overlay personally inspected2026-09-09. End plates and opaque lip retained. Current full plate visually inspected; existing printed reference 8 remains source evidence.","","/drawings/ft3w/ft3w-cabin-6-9.png","/review/figures/fig-cabin-6-9"
"fig-cabin-6-9","Brushguards and rack","fp-6-9-09","9","82-00395","Roof rack left side","1","1","1","0","0","1","0","0","match","false","","Original9 front sheet split into two exact adjoining material regions at solid central x858 section, same occurrence. Seventeen aperture interior subregions manually traced and source-composited at10x; misplaced upward-triangle candidates corrected individually with solid/aperture point regressions. Both region pieces independently select same source part through native pointer input. Current full plate visually inspected; existing printed reference 9 remains source evidence.","","/drawings/ft3w/ft3w-cabin-6-9.png","/review/figures/fig-cabin-6-9"
"fig-cabin-6-9","Brushguards and rack","fp-6-9-10","10","86-00290","Roof rack cross bars","2","2","2","0","0","1","1","0","match","false","","Ref10 upper rear roof cross bar is paired with the front cross bar, with the same round tube and downturned mounting feet.","","/drawings/ft3w/ft3w-cabin-6-9.png","/review/figures/fig-cabin-6-9"
"fig-cabin-6-9","Brushguards and rack","fp-6-9-11","11","82-00451","Roof rack ladder","1","1","1","0","0","1","0","0","match","false","","Original PNG and useful source crops personally inspected2026-09-09: directly labelled upper crossbar10, ladder11, manufacturer-confirmed narrow LINK12 and two tubular guards13/16 traced. Ladder/guard empty centres and visible reinforcing material are separately retained; no quantity-derived second crossbar or copied guard. Current full plate visually inspected; existing printed reference 11 remains source evidence.","","/drawings/ft3w/ft3w-cabin-6-9.png","/review/figures/fig-cabin-6-9"
"fig-cabin-6-9","Brushguards and rack","fp-6-9-12","12","86-00105","Roof rack left brushguard","1","1","1","0","0","1","0","0","match","false","","Original PNG and useful source crops personally inspected2026-09-09: directly labelled upper crossbar10, ladder11, manufacturer-confirmed narrow LINK12 and two tubular guards13/16 traced. Ladder/guard empty centres and visible reinforcing material are separately retained; no quantity-derived second crossbar or copied guard. Current full plate visually inspected; existing printed reference 12 remains source evidence.","","/drawings/ft3w/ft3w-cabin-6-9.png","/review/figures/fig-cabin-6-9"
"fig-cabin-6-9","Brushguards and rack","fp-6-9-13","13","86-00262","Brush Guard ALU Left","1","1","1","0","0","1","0","0","match","false","","Original PNG and useful source crops personally inspected2026-09-09: directly labelled upper crossbar10, ladder11, manufacturer-confirmed narrow LINK12 and two tubular guards13/16 traced. Ladder/guard empty centres and visible reinforcing material are separately retained; no quantity-derived second crossbar or copied guard. Current full plate visually inspected; existing printed reference 13 remains source evidence.","","/drawings/ft3w/ft3w-cabin-6-9.png","/review/figures/fig-cabin-6-9"
"fig-cabin-6-9","Brushguards and rack","fp-6-9-14","14","86-00161","Mirror truck lite 7460","2","1","1","0","0","1","0","1","shortfall","true","","Original6.9 mirror14 has opaque mirror face inside housing; not a true hole. Direct leader, no source identity ambiguity. Current full plate visually inspected; existing printed reference 14 remains source evidence.  Remaining count is not assigned coordinates: occluded, absent, source-conflicted or insufficiently distinguishable physical objects cannot be derived from Quantity. Existing marker position alone remains selectable without a traced contour.","","/drawings/ft3w/ft3w-cabin-6-9.png","/review/figures/fig-cabin-6-9"
"fig-cabin-6-9","Brushguards and rack","fp-6-9-15","15","86-00108","Roof rack right brushguard","1","1","0","0","1","1","0","0","match","false","","Manufacturer PDF physical25/footer21 explicitly names brushguard LINK for PN86-00105/86-00108; omitted LINK in legacy description explained apparent guard mismatch. Leader identifies separate narrow link, not larger guard13/16. Read-only source audit, not approval. Current full plate visually inspected; existing printed reference 15 remains source evidence.","","/drawings/ft3w/ft3w-cabin-6-9.png","/review/figures/fig-cabin-6-9"
"fig-cabin-6-9","Brushguards and rack","fp-6-9-16","16","86-00263","Brush Guard ALU Right","1","1","1","0","0","1","0","0","match","false","","Original PNG and useful source crops personally inspected2026-09-09: directly labelled upper crossbar10, ladder11, manufacturer-confirmed narrow LINK12 and two tubular guards13/16 traced. Ladder/guard empty centres and visible reinforcing material are separately retained; no quantity-derived second crossbar or copied guard. Current full plate visually inspected; existing printed reference 16 remains source evidence.","","/drawings/ft3w/ft3w-cabin-6-9.png","/review/figures/fig-cabin-6-9"
"fig-cabin-6-9","Brushguards and rack","fp-6-9-17","17","63-00635","Cab top air grill","2","1","1","0","0","1","0","1","shortfall","true","","Existing slatted grille exterior proposals include meaningful internal gaps. Current full plate visually inspected; existing printed reference 17 remains source evidence.  Remaining count is not assigned coordinates: occluded, absent, source-conflicted or insufficiently distinguishable physical objects cannot be derived from Quantity. Existing marker position alone remains selectable without a traced contour.","","/drawings/ft3w/ft3w-cabin-6-9.png","/review/figures/fig-cabin-6-9"
"fig-cabin-6-9","Brushguards and rack","fp-6-9-18","18","63-00299","Side air grill","2","1","1","0","0","1","0","1","shortfall","true","","Existing slatted grille exterior proposals include meaningful internal gaps. Current full plate visually inspected; existing printed reference 18 remains source evidence.  Remaining count is not assigned coordinates: occluded, absent, source-conflicted or insufficiently distinguishable physical objects cannot be derived from Quantity. Existing marker position alone remains selectable without a traced contour.","","/drawings/ft3w/ft3w-cabin-6-9.png","/review/figures/fig-cabin-6-9"
"fig-cabin-6-9","Brushguards and rack","fp-6-9-24","","10-206016-121","Hex flanged screw din 6921 m6 x 1.0 x 16 - zinc plated - class 8.8","76","0","0","0","0","0","0","76","unmapped","true","","No source callout associated with this imported row. NOT SHOWN Legacy/source remark explicitly says NOT SHOWN; this is evidence, not approved depiction exception. Remaining count is not assigned coordinates: occluded, absent, source-conflicted or insufficiently distinguishable physical objects cannot be derived from Quantity. Existing marker position alone remains selectable without a traced contour.","NOT SHOWN","/drawings/ft3w/ft3w-cabin-6-9.png","/review/figures/fig-cabin-6-9"
"fig-cabin-6-9","Brushguards and rack","fp-6-9-25","","10-206020-121","Hex flanged screw din 6921 m6 x 1.0 x 20 - zinc plated - class 8.8","4","0","0","0","0","0","0","4","unmapped","true","","No source callout associated with this imported row. NOT SHOWN Legacy/source remark explicitly says NOT SHOWN; this is evidence, not approved depiction exception. Remaining count is not assigned coordinates: occluded, absent, source-conflicted or insufficiently distinguishable physical objects cannot be derived from Quantity. Existing marker position alone remains selectable without a traced contour.","NOT SHOWN","/drawings/ft3w/ft3w-cabin-6-9.png","/review/figures/fig-cabin-6-9"
"fig-cabin-6-9","Brushguards and rack","fp-6-9-27","","10-208020-121","Hex flanged screw din 6921 m8 x 1.25 x 20 - zinc plated - class 8.8","6","0","0","0","0","0","0","6","unmapped","true","","No source callout associated with this imported row. NOT SHOWN Legacy/source remark explicitly says NOT SHOWN; this is evidence, not approved depiction exception. Remaining count is not assigned coordinates: occluded, absent, source-conflicted or insufficiently distinguishable physical objects cannot be derived from Quantity. Existing marker position alone remains selectable without a traced contour.","NOT SHOWN","/drawings/ft3w/ft3w-cabin-6-9.png","/review/figures/fig-cabin-6-9"
"fig-cabin-6-9","Brushguards and rack","fp-6-9-22","","10-210025-121","Hex flanged screw din 6921 m10 x 1.5 x 25 - zinc plated - class 8.8","7","0","0","0","0","0","0","7","unmapped","true","","No source callout associated with this imported row. NOT SHOWN Legacy/source remark explicitly says NOT SHOWN; this is evidence, not approved depiction exception. Remaining count is not assigned coordinates: occluded, absent, source-conflicted or insufficiently distinguishable physical objects cannot be derived from Quantity. Existing marker position alone remains selectable without a traced contour.","NOT SHOWN","/drawings/ft3w/ft3w-cabin-6-9.png","/review/figures/fig-cabin-6-9"
"fig-cabin-6-9","Brushguards and rack","fp-6-9-21","","10-210030-121","Hex flanged screw din 6921 m10 x 1.5 x 30 - zinc plated - class 8.8","8","0","0","0","0","0","0","8","unmapped","true","","No source callout associated with this imported row. NOT SHOWN Legacy/source remark explicitly says NOT SHOWN; this is evidence, not approved depiction exception. Remaining count is not assigned coordinates: occluded, absent, source-conflicted or insufficiently distinguishable physical objects cannot be derived from Quantity. Existing marker position alone remains selectable without a traced contour.","NOT SHOWN","/drawings/ft3w/ft3w-cabin-6-9.png","/review/figures/fig-cabin-6-9"
"fig-cabin-6-9","Brushguards and rack","fp-6-9-23","","12-20600-121","M6 nut","80","0","0","0","0","0","0","80","unmapped","true","","No source callout associated with this imported row. NOT SHOWN Legacy/source remark explicitly says NOT SHOWN; this is evidence, not approved depiction exception. Remaining count is not assigned coordinates: occluded, absent, source-conflicted or insufficiently distinguishable physical objects cannot be derived from Quantity. Existing marker position alone remains selectable without a traced contour.","NOT SHOWN","/drawings/ft3w/ft3w-cabin-6-9.png","/review/figures/fig-cabin-6-9"
"fig-cabin-6-9","Brushguards and rack","fp-6-9-20","","19-00221","Front rubber bumper","3","0","0","0","0","0","0","3","unmapped","true","","No source callout associated with this imported row. NOT SHOWN Legacy/source remark explicitly says NOT SHOWN; this is evidence, not approved depiction exception. Remaining count is not assigned coordinates: occluded, absent, source-conflicted or insufficiently distinguishable physical objects cannot be derived from Quantity. Existing marker position alone remains selectable without a traced contour.","NOT SHOWN","/drawings/ft3w/ft3w-cabin-6-9.png","/review/figures/fig-cabin-6-9"
"fig-cabin-6-9","Brushguards and rack","fp-6-9-19","","19-00232","Unthreaded bumper, polyurethane, 2-7/16 long 1/2"" high""","8","0","0","0","0","0","0","8","unmapped","true","","No source callout associated with this imported row. NOT SHOWN Legacy/source remark explicitly says NOT SHOWN; this is evidence, not approved depiction exception. Remaining count is not assigned coordinates: occluded, absent, source-conflicted or insufficiently distinguishable physical objects cannot be derived from Quantity. Existing marker position alone remains selectable without a traced contour.","NOT SHOWN","/drawings/ft3w/ft3w-cabin-6-9.png","/review/figures/fig-cabin-6-9"
"fig-cabin-6-9","Brushguards and rack","fp-6-9-26","","19-00281","Locking panel plugs for 1-1/4"" id, for 0.016""-0.125"" panel thickness","6","0","0","0","0","0","0","6","unmapped","true","","No source callout associated with this imported row. NOT SHOWN Legacy/source remark explicitly says NOT SHOWN; this is evidence, not approved depiction exception. Remaining count is not assigned coordinates: occluded, absent, source-conflicted or insufficiently distinguishable physical objects cannot be derived from Quantity. Existing marker position alone remains selectable without a traced contour.","NOT SHOWN","/drawings/ft3w/ft3w-cabin-6-9.png","/review/figures/fig-cabin-6-9"
"fig-cabin-6-9","Brushguards and rack","fp-6-9-28","","86-00286","Engine grill snow protector","2","0","0","0","0","0","0","2","unmapped","true","","No source callout associated with this imported row. NOT SHOWN Legacy/source remark explicitly says NOT SHOWN; this is evidence, not approved depiction exception. Remaining count is not assigned coordinates: occluded, absent, source-conflicted or insufficiently distinguishable physical objects cannot be derived from Quantity. Existing marker position alone remains selectable without a traced contour.","NOT SHOWN","/drawings/ft3w/ft3w-cabin-6-9.png","/review/figures/fig-cabin-6-9"
"fig-cabin-6-10","Console","fp-6-10-01","1","68-00063","Upper console","1","1","1","0","0","1","0","0","match","false","","Original full PNG plus useful source zoom and native overlays inspected in Task10c. Visible console face bores1, support bore3, three louver gaps8, gasket6 sections, cap7 tabs and console9 T-shaped neck/clear side void traced. Opaque display/keypad5 and visible interior metal retained. Current full plate visually inspected; existing printed reference 1 remains source evidence.","","/drawings/ft3w/ft3w-cabin-6-10.png","/review/figures/fig-cabin-6-10"
"fig-cabin-6-10","Console","fp-6-10-02","2","68-00029","Arm rest pad","1","1","1","0","0","1","0","0","match","false","","Original PNG directly labels detached armrest2 and joystick4. Outer form visible; armrest broad white pad and joystick surfaces are opaque material. Current full plate visually inspected; existing printed reference 2 remains source evidence.","","/drawings/ft3w/ft3w-cabin-6-10.png","/review/figures/fig-cabin-6-10"
"fig-cabin-6-10","Console","fp-6-10-03","3","68-00185","Joystick support","1","1","1","0","0","1","0","0","match","false","","Original full PNG plus useful source zoom and native overlays inspected in Task10c. Visible console face bores1, support bore3, three louver gaps8, gasket6 sections, cap7 tabs and console9 T-shaped neck/clear side void traced. Opaque display/keypad5 and visible interior metal retained. Current full plate visually inspected; existing printed reference 3 remains source evidence.","Add 40-00037 for HORN BUTTON","/drawings/ft3w/ft3w-cabin-6-10.png","/review/figures/fig-cabin-6-10"
"fig-cabin-6-10","Console","fp-6-10-04","4","41-00023","JOYSTICK DANFOSS JS1000 / 250kbps","1","1","1","0","0","1","0","0","match","false","","Original PNG directly labels detached armrest2 and joystick4. Outer form visible; armrest broad white pad and joystick surfaces are opaque material. Current full plate visually inspected; existing printed reference 4 remains source evidence.","","/drawings/ft3w/ft3w-cabin-6-10.png","/review/figures/fig-cabin-6-10"
"fig-cabin-6-10","Console","fp-6-10-05","5","68-00062","Console cover","1","1","1","0","0","1","0","0","match","false","","Original full PNG plus useful source zoom and native overlays inspected in Task10c. Visible console face bores1, support bore3, three louver gaps8, gasket6 sections, cap7 tabs and console9 T-shaped neck/clear side void traced. Opaque display/keypad5 and visible interior metal retained. Current full plate visually inspected; existing printed reference 5 remains source evidence.","See section 11 - ELECTRIC for electrical components","/drawings/ft3w/ft3w-cabin-6-10.png","/review/figures/fig-cabin-6-10"
"fig-cabin-6-10","Console","fp-6-10-06","6","68-00119","Console cover gasket","1","1","1","0","0","1","0","0","match","false","","Original full PNG plus useful source zoom and native overlays inspected in Task10c. Visible console face bores1, support bore3, three louver gaps8, gasket6 sections, cap7 tabs and console9 T-shaped neck/clear side void traced. Opaque display/keypad5 and visible interior metal retained. Current full plate visually inspected; existing printed reference 6 remains source evidence.","","/drawings/ft3w/ft3w-cabin-6-10.png","/review/figures/fig-cabin-6-10"
"fig-cabin-6-10","Console","fp-6-10-07","7","68-00086","Heater louver cap","1","1","1","0","0","1","0","0","match","false","","Original full PNG plus useful source zoom and native overlays inspected in Task10c. Visible console face bores1, support bore3, three louver gaps8, gasket6 sections, cap7 tabs and console9 T-shaped neck/clear side void traced. Opaque display/keypad5 and visible interior metal retained. Current full plate visually inspected; existing printed reference 7 remains source evidence.","","/drawings/ft3w/ft3w-cabin-6-10.png","/review/figures/fig-cabin-6-10"
"fig-cabin-6-10","Console","fp-6-10-08","8","68-00082","Heater louver","1","1","1","0","0","1","0","0","match","false","","Original full PNG plus useful source zoom and native overlays inspected in Task10c. Visible console face bores1, support bore3, three louver gaps8, gasket6 sections, cap7 tabs and console9 T-shaped neck/clear side void traced. Opaque display/keypad5 and visible interior metal retained. Current full plate visually inspected; existing printed reference 8 remains source evidence.","","/drawings/ft3w/ft3w-cabin-6-10.png","/review/figures/fig-cabin-6-10"
"fig-cabin-6-10","Console","fp-6-10-09","9","68-00061","Console","1","1","1","0","0","1","0","0","match","false","","Original full PNG plus useful source zoom and native overlays inspected in Task10c. Visible console face bores1, support bore3, three louver gaps8, gasket6 sections, cap7 tabs and console9 T-shaped neck/clear side void traced. Opaque display/keypad5 and visible interior metal retained. Current full plate visually inspected; existing printed reference 9 remains source evidence.","","/drawings/ft3w/ft3w-cabin-6-10.png","/review/figures/fig-cabin-6-10"
"fig-cabin-6-11","Front seat","fp-6-11-01","1","67-00007","Lh seat & safety belt","1","1","1","0","0","1","0","0","match","false","","Original6.11 seat1 upholstery opaque, but belt/arm attachment gaps need exact ownership; support3large triangular opening and plate5long slot visible and absent from exterior-only shapes. Current full plate visually inspected; existing printed reference 1 remains source evidence.","AKA Driver Side","/drawings/ft3w/ft3w-cabin-6-11.png","/review/figures/fig-cabin-6-11"
"fig-cabin-6-11","Front seat","fp-6-11-03","2","67-00129","Top plate","4","1","1","0","0","1","0","3","shortfall","true","","Original support2, visible under-seat rail4, washer9/aperture and grip10/shaft separately traced. Current full plate visually inspected; existing printed reference 2 remains source evidence.  Remaining count is not assigned coordinates: occluded, absent, source-conflicted or insufficiently distinguishable physical objects cannot be derived from Quantity. Existing marker position alone remains selectable without a traced contour.","TWO PER SEAT","/drawings/ft3w/ft3w-cabin-6-11.png","/review/figures/fig-cabin-6-11"
"fig-cabin-6-11","Front seat","fp-6-11-04","3","67-00127","Left front seat support","1","1","1","0","0","1","0","0","match","false","","Original3 detached front seat support personally inspected full and4x detail2026-09-09; central window now excluded while visible inner wall retained. Existing source-bound outer remains; foreground fastener through opening is not support material. Current full plate visually inspected; existing printed reference 3 remains source evidence.","ONE PER SIDE","/drawings/ft3w/ft3w-cabin-6-11.png","/review/figures/fig-cabin-6-11"
"fig-cabin-6-11","Front seat","fp-6-11-05","4","67-00130","Right front seat support","1","1","1","0","0","1","0","0","match","false","","Original support2, visible under-seat rail4, washer9/aperture and grip10/shaft separately traced. Current full plate visually inspected; existing printed reference 4 remains source evidence.","ONE PER SIDE","/drawings/ft3w/ft3w-cabin-6-11.png","/review/figures/fig-cabin-6-11"
"fig-cabin-6-11","Front seat","fp-6-11-06","5","67-00144","Plate for bracket","2","1","1","0","0","1","0","1","shortfall","true","","Original6.11 seat1 upholstery opaque, but belt/arm attachment gaps need exact ownership; support3large triangular opening and plate5long slot visible and absent from exterior-only shapes. Current full plate visually inspected; existing printed reference 5 remains source evidence.  Remaining count is not assigned coordinates: occluded, absent, source-conflicted or insufficiently distinguishable physical objects cannot be derived from Quantity. Existing marker position alone remains selectable without a traced contour.","","/drawings/ft3w/ft3w-cabin-6-11.png","/review/figures/fig-cabin-6-11"
"fig-cabin-6-11","Front seat","fp-6-11-07","6","10-210030-121","Hex flanged screw din 6921 m10 x 1.5 x 30 - zinc plated - class 8.8","4","2","2","0","0","1","1","2","shortfall","true","","Ref6 identifies lower-left flanged screw. A second matching screw is clearly detached below the right hole of the same bracket plate; other two screws are occluded. Remaining count is not assigned coordinates: occluded, absent, source-conflicted or insufficiently distinguishable physical objects cannot be derived from Quantity.","","/drawings/ft3w/ft3w-cabin-6-11.png","/review/figures/fig-cabin-6-11"
"fig-cabin-6-11","Front seat","fp-6-11-08","7","18-00112","8.5mm shoulder screw","4","2","2","0","0","1","1","2","shortfall","true","","Ref7 shoulder screw below right seat support has matching screw visible through the open left support; contour follows the visible screw only. Remaining count is not assigned coordinates: occluded, absent, source-conflicted or insufficiently distinguishable physical objects cannot be derived from Quantity.","","/drawings/ft3w/ft3w-cabin-6-11.png","/review/figures/fig-cabin-6-11"
"fig-cabin-6-11","Front seat","fp-6-11-09","8","18-00060","Hex nut","4","1","1","0","0","1","0","3","shortfall","true","","Original8 directly labelled compact nut above7 is source-separable at useful zoom, exterior traced2026-09-09. Printed leader merges with centre. Current full plate visually inspected; existing printed reference 8 remains source evidence.  Remaining count is not assigned coordinates: occluded, absent, source-conflicted or insufficiently distinguishable physical objects cannot be derived from Quantity. Existing marker position alone remains selectable without a traced contour.","","/drawings/ft3w/ft3w-cabin-6-11.png","/review/figures/fig-cabin-6-11"
"fig-cabin-6-11","Front seat","fp-6-11-10","9","13-208024-120","Zinc-plated steel oversized washer , for m8 bolt size, 8.4 mm id, 24 mm od","2","2","2","0","0","1","1","0","match","false","","Ref9 upper washer is paired with lower washer on the second adjustment knob axis.","","/drawings/ft3w/ft3w-cabin-6-11.png","/review/figures/fig-cabin-6-11"
"fig-cabin-6-11","Front seat","fp-6-11-11","10","19-00539","M8 grip knob","2","2","2","0","0","1","1","0","match","false","","Ref10 upper grip knob has matching lower knob to the right of the second seat-support mounting point.","","/drawings/ft3w/ft3w-cabin-6-11.png","/review/figures/fig-cabin-6-11"
"fig-cabin-6-11","Front seat","fp-6-11-02","","67-00006","Rh seat & safety belt","1","0","0","0","0","0","0","1","unmapped","true","","No source callout associated with this imported row. AKA Passenger Side - NOT SHOWN Legacy/source remark explicitly says NOT SHOWN; this is evidence, not approved depiction exception. Remaining count is not assigned coordinates: occluded, absent, source-conflicted or insufficiently distinguishable physical objects cannot be derived from Quantity. Existing marker position alone remains selectable without a traced contour.","AKA Passenger Side - NOT SHOWN","/drawings/ft3w/ft3w-cabin-6-11.png","/review/figures/fig-cabin-6-11"
"fig-cabin-6-11","Front seat","fp-6-11-12","","67-00174","Seat Belt Black – 3-Point Seat Belt Assembly","1","0","0","0","0","0","0","1","unmapped","true","","No source callout associated with this imported row. Not Shown Legacy/source remark explicitly says NOT SHOWN; this is evidence, not approved depiction exception. Remaining count is not assigned coordinates: occluded, absent, source-conflicted or insufficiently distinguishable physical objects cannot be derived from Quantity. Existing marker position alone remains selectable without a traced contour.","Not Shown","/drawings/ft3w/ft3w-cabin-6-11.png","/review/figures/fig-cabin-6-11"
"fig-cabin-6-11","Front seat","fp-6-11-13","","67-00175","Seat Belt Orange – 3-Point Seat Belt Assembly, No Switch, 124"" Length","1","0","0","0","0","0","0","1","unmapped","true","","No source callout associated with this imported row. Not Shown Legacy/source remark explicitly says NOT SHOWN; this is evidence, not approved depiction exception. Remaining count is not assigned coordinates: occluded, absent, source-conflicted or insufficiently distinguishable physical objects cannot be derived from Quantity. Existing marker position alone remains selectable without a traced contour.","Not Shown","/drawings/ft3w/ft3w-cabin-6-11.png","/review/figures/fig-cabin-6-11"
"fig-cabin-6-12","Floors and panels","fp-6-12-01","1","65-00450","Engine bay cover","2","2","2","0","0","1","1","0","match","false","","Ref1 lower-left engine bay cover has the second matching detached framed cover above-left; both align with front engine-side openings.","","/drawings/ft3w/ft3w-cabin-6-12.png","/review/figures/fig-cabin-6-12"
"fig-cabin-6-12","Floors and panels","fp-6-12-02","2","69-00062","Front floor bucket","1","1","1","0","0","1","0","0","match","false","","Original6.12 distinct detached cover1,bucket2,panel3,soundcover4 and reartray5 have physical exterior proposals. White face material remains solid; small bores and folded edge/occlusion details need source measurement. Current full plate visually inspected; existing printed reference 2 remains source evidence.","","/drawings/ft3w/ft3w-cabin-6-12.png","/review/figures/fig-cabin-6-12"
"fig-cabin-6-12","Floors and panels","fp-6-12-03","3","65-00311","Engine bay panel","1","1","1","0","0","1","0","0","match","false","","Original6.12 distinct detached cover1,bucket2,panel3,soundcover4 and reartray5 have physical exterior proposals. White face material remains solid; small bores and folded edge/occlusion details need source measurement. Current full plate visually inspected; existing printed reference 3 remains source evidence.","","/drawings/ft3w/ft3w-cabin-6-12.png","/review/figures/fig-cabin-6-12"
"fig-cabin-6-12","Floors and panels","fp-6-12-04","4","65-00461","Engine bay sound cover","1","1","1","0","0","1","0","0","match","false","","Original6.12 distinct detached cover1,bucket2,panel3,soundcover4 and reartray5 have physical exterior proposals. White face material remains solid; small bores and folded edge/occlusion details need source measurement. Current full plate visually inspected; existing printed reference 4 remains source evidence.","","/drawings/ft3w/ft3w-cabin-6-12.png","/review/figures/fig-cabin-6-12"
"fig-cabin-6-12","Floors and panels","fp-6-12-05","5","60-00521","Rear floor","1","1","1","0","0","1","0","0","match","false","","Original6.12 distinct detached cover1,bucket2,panel3,soundcover4 and reartray5 have physical exterior proposals. White face material remains solid; small bores and folded edge/occlusion details need source measurement. Current full plate visually inspected; existing printed reference 5 remains source evidence.","","/drawings/ft3w/ft3w-cabin-6-12.png","/review/figures/fig-cabin-6-12"
"fig-cabin-6-12","Floors and panels","fp-6-12-06","6","65-00283","Three arms knob","1","1","0","0","1","1","0","0","match","true","PDF Ref. 6 identifies engine bay panel 65-00283; the imported description says Three arms knob. Source identity needs correction.","Original workbook and manufacturerPDF disagree on6; PDF itself duplicates65-00369 between7knob and10seal. Sent clarification has no recorded answer. Current full plate visually inspected; existing printed reference 6 remains source evidence.","","/drawings/ft3w/ft3w-cabin-6-12.png","/review/figures/fig-cabin-6-12"
"fig-cabin-6-12","Floors and panels","fp-6-12-07","7","65-00369","Engine panel weatherstrip","6","1","0","0","1","1","0","5","shortfall","true","Printed Ref. 7 and the PDF identify plastic three-arm panel knobs; the imported description says Engine panel weatherstrip. Source identity needs correction.","Original workbook and manufacturerPDF disagree on6; PDF itself duplicates65-00369 between7knob and10seal. Sent clarification has no recorded answer. Current full plate visually inspected; existing printed reference 7 remains source evidence.  Remaining count is not assigned coordinates: occluded, absent, source-conflicted or insufficiently distinguishable physical objects cannot be derived from Quantity. Existing marker position alone remains selectable without a traced contour.","","/drawings/ft3w/ft3w-cabin-6-12.png","/review/figures/fig-cabin-6-12"
"fig-cabin-6-12","Floors and panels","fp-6-12-08","8","65-00451","Engine panel seal front","2","2","2","0","0","1","1","0","match","false","","Ref8 lower-left seal has matching detached upper-left rectangular seal paired with second engine bay cover.","","/drawings/ft3w/ft3w-cabin-6-12.png","/review/figures/fig-cabin-6-12"
"fig-cabin-6-12","Floors and panels","fp-6-12-09","9","65-00388","Footwell seal","1","1","1","0","0","1","0","0","match","false","","Original PNG independently inspected: one directly labelled detached closed seal band and one empty centre; guides and adjacent panels excluded. Native physical/label/row selection verified; source approval is separate. Current full plate visually inspected; existing printed reference 9 remains source evidence.","","/drawings/ft3w/ft3w-cabin-6-12.png","/review/figures/fig-cabin-6-12"
"fig-cabin-6-12","Floors and panels","fp-6-12-10","10","65-00369","Engine panel weatherstrip","1","1","0","0","1","1","0","0","match","true","The PDF assigns part number 65-00369 to both Ref. 7 knobs and Ref. 10 seal, which are different physical components. Source identity needs correction.","Original workbook and manufacturerPDF disagree on6; PDF itself duplicates65-00369 between7knob and10seal. Sent clarification has no recorded answer. Current full plate visually inspected; existing printed reference 10 remains source evidence.","","/drawings/ft3w/ft3w-cabin-6-12.png","/review/figures/fig-cabin-6-12"
"fig-cabin-6-12","Floors and panels","fp-6-12-11","11","65-00366","Floor panel seal (rear)","1","1","1","0","0","1","0","0","match","false","","Original PNG independently inspected: one directly labelled detached closed seal band and one empty centre; guides and adjacent panels excluded. Native physical/label/row selection verified; source approval is separate. Current full plate visually inspected; existing printed reference 11 remains source evidence.","","/drawings/ft3w/ft3w-cabin-6-12.png","/review/figures/fig-cabin-6-12"
"fig-cabin-6-12","Floors and panels","fp-6-12-12","12","65-00367","Engine panel seal rear","1","1","1","0","0","1","0","0","match","false","","Original PNG independently inspected: one directly labelled detached closed seal band and one empty centre; guides and adjacent panels excluded. Native physical/label/row selection verified; source approval is separate. Current full plate visually inspected; existing printed reference 12 remains source evidence.","","/drawings/ft3w/ft3w-cabin-6-12.png","/review/figures/fig-cabin-6-12"
"fig-cabin-6-13","Rear seat 4 seater front facing configuration option (88-000258-3)","fp-6-13-01","1","67-00050","Rear forward facing seat","1","0","0","0","0","0","0","1","unmapped","true","","Manufacturer PDF physical page29 visually inspected: printed2 labels both seat back and a pin; printed3 labels dissimilar hardware; 4 and9 are not identified. Entire figure remains withheld. Source table explicitly marks left frame and grab handle NOT SHOWN. Remaining count is not assigned coordinates: occluded, absent, source-conflicted or insufficiently distinguishable physical objects cannot be derived from Quantity. Existing marker position alone remains selectable without a traced contour.","","/drawings/ft3w/ft3w-cabin-6-13.png","/review/figures/fig-cabin-6-13"
"fig-cabin-6-13","Rear seat 4 seater front facing configuration option (88-000258-3)","fp-6-13-02","2","67-00138","Seat back","1","0","0","0","0","0","0","1","unmapped","true","","Manufacturer PDF physical page29 visually inspected: printed2 labels both seat back and a pin; printed3 labels dissimilar hardware; 4 and9 are not identified. Entire figure remains withheld. Source table explicitly marks left frame and grab handle NOT SHOWN. Remaining count is not assigned coordinates: occluded, absent, source-conflicted or insufficiently distinguishable physical objects cannot be derived from Quantity. Existing marker position alone remains selectable without a traced contour.","","/drawings/ft3w/ft3w-cabin-6-13.png","/review/figures/fig-cabin-6-13"
"fig-cabin-6-13","Rear seat 4 seater front facing configuration option (88-000258-3)","fp-6-13-03","3","14-00022","Clevis pin","1","0","0","0","0","0","0","1","unmapped","true","","Manufacturer PDF physical page29 visually inspected: printed2 labels both seat back and a pin; printed3 labels dissimilar hardware; 4 and9 are not identified. Entire figure remains withheld. Source table explicitly marks left frame and grab handle NOT SHOWN. Remaining count is not assigned coordinates: occluded, absent, source-conflicted or insufficiently distinguishable physical objects cannot be derived from Quantity. Existing marker position alone remains selectable without a traced contour.","","/drawings/ft3w/ft3w-cabin-6-13.png","/review/figures/fig-cabin-6-13"
"fig-cabin-6-13","Rear seat 4 seater front facing configuration option (88-000258-3)","fp-6-13-04","4","19-00301","T handle pin","1","0","0","0","0","0","0","1","unmapped","true","","Manufacturer PDF physical page29 visually inspected: printed2 labels both seat back and a pin; printed3 labels dissimilar hardware; 4 and9 are not identified. Entire figure remains withheld. Source table explicitly marks left frame and grab handle NOT SHOWN. Remaining count is not assigned coordinates: occluded, absent, source-conflicted or insufficiently distinguishable physical objects cannot be derived from Quantity. Existing marker position alone remains selectable without a traced contour.","","/drawings/ft3w/ft3w-cabin-6-13.png","/review/figures/fig-cabin-6-13"
"fig-cabin-6-13","Rear seat 4 seater front facing configuration option (88-000258-3)","fp-6-13-05","5","19-00300","Rubber bumper","1","0","0","0","0","0","0","1","unmapped","true","","Manufacturer PDF physical page29 visually inspected: printed2 labels both seat back and a pin; printed3 labels dissimilar hardware; 4 and9 are not identified. Entire figure remains withheld. Source table explicitly marks left frame and grab handle NOT SHOWN. Remaining count is not assigned coordinates: occluded, absent, source-conflicted or insufficiently distinguishable physical objects cannot be derived from Quantity. Existing marker position alone remains selectable without a traced contour.","","/drawings/ft3w/ft3w-cabin-6-13.png","/review/figures/fig-cabin-6-13"
"fig-cabin-6-13","Rear seat 4 seater front facing configuration option (88-000258-3)","fp-6-13-06","6","14-00023","Cotter pin","1","0","0","0","0","0","0","1","unmapped","true","","Manufacturer PDF physical page29 visually inspected: printed2 labels both seat back and a pin; printed3 labels dissimilar hardware; 4 and9 are not identified. Entire figure remains withheld. Source table explicitly marks left frame and grab handle NOT SHOWN. Remaining count is not assigned coordinates: occluded, absent, source-conflicted or insufficiently distinguishable physical objects cannot be derived from Quantity. Existing marker position alone remains selectable without a traced contour.","","/drawings/ft3w/ft3w-cabin-6-13.png","/review/figures/fig-cabin-6-13"
"fig-cabin-6-13","Rear seat 4 seater front facing configuration option (88-000258-3)","fp-6-13-07","7","10-210025-121","Hex flanged screw din 6921 m10 x 1.5 x 25 - zinc plated - class 8.8","4","0","0","0","0","0","0","4","unmapped","true","","Manufacturer PDF physical page29 visually inspected: printed2 labels both seat back and a pin; printed3 labels dissimilar hardware; 4 and9 are not identified. Entire figure remains withheld. Source table explicitly marks left frame and grab handle NOT SHOWN. Remaining count is not assigned coordinates: occluded, absent, source-conflicted or insufficiently distinguishable physical objects cannot be derived from Quantity. Existing marker position alone remains selectable without a traced contour.","","/drawings/ft3w/ft3w-cabin-6-13.png","/review/figures/fig-cabin-6-13"
"fig-cabin-6-13","Rear seat 4 seater front facing configuration option (88-000258-3)","fp-6-13-08","8","12-210000-122","Hex flanged nut top lock din 6927 m10 x 1.5 - zinc plated - class 10","4","0","0","0","0","0","0","4","unmapped","true","","Manufacturer PDF physical page29 visually inspected: printed2 labels both seat back and a pin; printed3 labels dissimilar hardware; 4 and9 are not identified. Entire figure remains withheld. Source table explicitly marks left frame and grab handle NOT SHOWN. Remaining count is not assigned coordinates: occluded, absent, source-conflicted or insufficiently distinguishable physical objects cannot be derived from Quantity. Existing marker position alone remains selectable without a traced contour.","","/drawings/ft3w/ft3w-cabin-6-13.png","/review/figures/fig-cabin-6-13"
"fig-cabin-6-13","Rear seat 4 seater front facing configuration option (88-000258-3)","fp-6-13-09","9","81-00435","Right forward facing seat frame","1","0","0","0","0","0","0","1","unmapped","true","","Manufacturer PDF physical page29 visually inspected: printed2 labels both seat back and a pin; printed3 labels dissimilar hardware; 4 and9 are not identified. Entire figure remains withheld. Source table explicitly marks left frame and grab handle NOT SHOWN. Remaining count is not assigned coordinates: occluded, absent, source-conflicted or insufficiently distinguishable physical objects cannot be derived from Quantity. Existing marker position alone remains selectable without a traced contour.","","/drawings/ft3w/ft3w-cabin-6-13.png","/review/figures/fig-cabin-6-13"
"fig-cabin-6-13","Rear seat 4 seater front facing configuration option (88-000258-3)","fp-6-13-11","","67-00026","Additionnal grab handle","4","0","0","0","0","0","0","4","unmapped","true","","Manufacturer PDF physical page29 visually inspected: printed2 labels both seat back and a pin; printed3 labels dissimilar hardware; 4 and9 are not identified. Entire figure remains withheld. Source table explicitly marks left frame and grab handle NOT SHOWN. Remaining count is not assigned coordinates: occluded, absent, source-conflicted or insufficiently distinguishable physical objects cannot be derived from Quantity. Existing marker position alone remains selectable without a traced contour.","NOT SHOWN","/drawings/ft3w/ft3w-cabin-6-13.png","/review/figures/fig-cabin-6-13"
"fig-cabin-6-13","Rear seat 4 seater front facing configuration option (88-000258-3)","fp-6-13-10","","81-00434","Left forward facing seat frame","1","0","0","0","0","0","0","1","unmapped","true","","Manufacturer PDF physical page29 visually inspected: printed2 labels both seat back and a pin; printed3 labels dissimilar hardware; 4 and9 are not identified. Entire figure remains withheld. Source table explicitly marks left frame and grab handle NOT SHOWN. Remaining count is not assigned coordinates: occluded, absent, source-conflicted or insufficiently distinguishable physical objects cannot be derived from Quantity. Existing marker position alone remains selectable without a traced contour.","NOT SHOWN","/drawings/ft3w/ft3w-cabin-6-13.png","/review/figures/fig-cabin-6-13"
"fig-cabin-6-14","Rear seat 6 seater configuration option (88-00258-1)","fp-6-14-01","1","67-00008","Rear seat","1","1","1","0","0","1","0","0","match","false","","Full manufacturer PDF physical30/footer26 personally viewed2026-09-09: ref1 PN67-00008 REAR SEAT BACK REST and ref4 same PN REAR SEAT. Distinct source-matched depictions remain unapproved proposals; source does not explain shared seat-kit versus erroneous repeated PN semantics. Current full plate visually inspected; existing printed reference 1 remains source evidence.","","/drawings/ft3w/ft3w-cabin-6-14.png","/review/figures/fig-cabin-6-14"
"fig-cabin-6-14","Rear seat 6 seater configuration option (88-00258-1)","fp-6-14-02","2","67-00075","Back rest support","1","1","1","0","0","1","0","0","match","false","","Original2 backrest support personally inspected full/crop2026-09-09; rounded central opening and three small apertures excluded, opaque folded face retained. Distinct support PN67-00075, unrelated to unresolved seat/backrest shared PN. Current full plate visually inspected; existing printed reference 2 remains source evidence.","","/drawings/ft3w/ft3w-cabin-6-14.png","/review/figures/fig-cabin-6-14"
"fig-cabin-6-14","Rear seat 6 seater configuration option (88-00258-1)","fp-6-14-03","3","67-00076","Rear plate - seat back rest","1","1","1","0","0","1","0","0","match","false","","Original3 backrest rear plate personally inspected full/crop2026-09-09; three lower elongated slots excluded while upper bent sheet remains opaque. Current full plate visually inspected; existing printed reference 3 remains source evidence.","","/drawings/ft3w/ft3w-cabin-6-14.png","/review/figures/fig-cabin-6-14"
"fig-cabin-6-14","Rear seat 6 seater configuration option (88-00258-1)","fp-6-14-04","4","67-00008","Rear seat","1","1","1","0","0","1","0","0","match","false","","Full manufacturer PDF physical30/footer26 personally viewed2026-09-09: ref1 PN67-00008 REAR SEAT BACK REST and ref4 same PN REAR SEAT. Distinct source-matched depictions remain unapproved proposals; source does not explain shared seat-kit versus erroneous repeated PN semantics. Current full plate visually inspected; existing printed reference 4 remains source evidence.","","/drawings/ft3w/ft3w-cabin-6-14.png","/review/figures/fig-cabin-6-14"
"fig-cabin-6-14","Rear seat 6 seater configuration option (88-00258-1)","fp-6-14-05","5","67-00036","Rear seat support","1","1","1","0","0","1","0","0","match","false","","Original PNG source-visible seat back1 has three slots, support2 central slot/bolt holes, plate3 three lower slots, seat4 open slats, support5 folded apertures. Each is directly labelled; background frame is separate. Current full plate visually inspected; existing printed reference 5 remains source evidence.","","/drawings/ft3w/ft3w-cabin-6-14.png","/review/figures/fig-cabin-6-14"
"fig-cabin-6-14","Rear seat 6 seater configuration option (88-00258-1)","fp-6-14-06","6","10-208020-121","Hex flanged screw din 6921 m8 x 1.25 x 20 - zinc plated - class 8.8","3","3","3","0","0","1","2","0","match","false","","Ref6 lower M8 screw has two matching detached screws above it, three visible screws aligned to back-rest support holes.","","/drawings/ft3w/ft3w-cabin-6-14.png","/review/figures/fig-cabin-6-14"
"fig-cabin-6-14","Rear seat 6 seater configuration option (88-00258-1)","fp-6-14-07","7","10-210020-121","Hex flanged screw din 6921 m10 x 1.5 x 20 - zinc plated - class 8.8","4","4","4","0","0","1","3","0","match","false","","Ref7 identifies left upper flanged screw; matching right upper screw and two vertical screws below the back-rest plate establish four mounting screws.","","/drawings/ft3w/ft3w-cabin-6-14.png","/review/figures/fig-cabin-6-14"
"fig-cabin-6-14","Rear seat 6 seater configuration option (88-00258-1)","fp-6-14-08","8","10-008020-120","M8 x 20 flanged bolt","3","3","3","0","0","1","2","0","match","false","","Ref8 middle detached bolt is grouped with matching upper-right and lower-left bolts, three mounting bolts on parallel axes.","","/drawings/ft3w/ft3w-cabin-6-14.png","/review/figures/fig-cabin-6-14"
"fig-cabin-6-14","Rear seat 6 seater configuration option (88-00258-1)","fp-6-14-09","9","10-310020-123","Socket head m10 x 1.5 x 20 - zinc plated class 12.9","3","3","3","0","0","1","2","0","match","false","","Ref9 lower-right socket screw has two matching detached screws immediately above-right on the seat mount axes; three visible screws.","","/drawings/ft3w/ft3w-cabin-6-14.png","/review/figures/fig-cabin-6-14"
"fig-cabin-6-14","Rear seat 6 seater configuration option (88-00258-1)","fp-6-14-10","10","12-210000-121","M10 nut","1","1","1","0","0","1","0","0","match","false","","Original8 upper-left loose M8 bolt and10 right lower nut personally inspected at8x source zoom2026-09-09; compact visible contours traced individually without leader/guide extensions or quantity copies. Current full plate visually inspected; existing printed reference 10 remains source evidence.","","/drawings/ft3w/ft3w-cabin-6-14.png","/review/figures/fig-cabin-6-14"
"fig-cabin-6-14","Rear seat 6 seater configuration option (88-00258-1)","fp-6-14-11","11","10-310025-123","SOCKET HEAD SCREW DIN 912 M10 x 1.5 x 25 - ZINC PLATED - CLASS 12.9","2","1","1","0","0","1","0","1","shortfall","true","","Original individually labelled rear-seat screws personally inspected2026-09-09 at useful source zoom. Only directly indicated body/head/shaft traced; similar quantity copies and assembly guide extensions excluded. Current full plate visually inspected; existing printed reference 11 remains source evidence.  Remaining count is not assigned coordinates: occluded, absent, source-conflicted or insufficiently distinguishable physical objects cannot be derived from Quantity. Existing marker position alone remains selectable without a traced contour.","","/drawings/ft3w/ft3w-cabin-6-14.png","/review/figures/fig-cabin-6-14"
"fig-cabin-6-14","Rear seat 6 seater configuration option (88-00258-1)","fp-6-14-12","","67-00026","Additionnal grab handle","6","0","0","0","0","0","0","6","unmapped","true","","No source callout associated with this imported row. NOT SHOWN Legacy/source remark explicitly says NOT SHOWN; this is evidence, not approved depiction exception. Remaining count is not assigned coordinates: occluded, absent, source-conflicted or insufficiently distinguishable physical objects cannot be derived from Quantity. Existing marker position alone remains selectable without a traced contour.","NOT SHOWN","/drawings/ft3w/ft3w-cabin-6-14.png","/review/figures/fig-cabin-6-14"
"fig-cabin-6-15","Safety and tools","fp-6-15-02","","87-00001","First aid kit","1","0","0","0","0","0","0","1","unmapped","true","","Manufacturer PDF physical page31 visually inspected: safety/tools is a table-only page; no Cabin6.15 PNG exists. All rows lack a usable component drawing. Ref1 manual is available in Dealer Portal; remaining PDF entries explicitly say NOT SHOWN. Remaining count is not assigned coordinates: occluded, absent, source-conflicted or insufficiently distinguishable physical objects cannot be derived from Quantity. Existing marker position alone remains selectable without a traced contour.","NOT SHOWN","","/review/figures/fig-cabin-6-15"
"fig-cabin-6-15","Safety and tools","fp-6-15-03","","87-00002","Fire extinguisher","1","0","0","0","0","0","0","1","unmapped","true","","Manufacturer PDF physical page31 visually inspected: safety/tools is a table-only page; no Cabin6.15 PNG exists. All rows lack a usable component drawing. Ref1 manual is available in Dealer Portal; remaining PDF entries explicitly say NOT SHOWN. Remaining count is not assigned coordinates: occluded, absent, source-conflicted or insufficiently distinguishable physical objects cannot be derived from Quantity. Existing marker position alone remains selectable without a traced contour.","NOT SHOWN","","/review/figures/fig-cabin-6-15"
"fig-cabin-6-15","Safety and tools","fp-6-15-04","","87-00003","Hammer","1","0","0","0","0","0","0","1","unmapped","true","","Manufacturer PDF physical page31 visually inspected: safety/tools is a table-only page; no Cabin6.15 PNG exists. All rows lack a usable component drawing. Ref1 manual is available in Dealer Portal; remaining PDF entries explicitly say NOT SHOWN. Remaining count is not assigned coordinates: occluded, absent, source-conflicted or insufficiently distinguishable physical objects cannot be derived from Quantity. Existing marker position alone remains selectable without a traced contour.","NOT SHOWN","","/review/figures/fig-cabin-6-15"
"fig-cabin-6-15","Safety and tools","fp-6-15-07","","87-00042","HEX L-KEY WITH STANDARD TIP 10mm","1","0","0","0","0","0","0","1","unmapped","true","","Manufacturer PDF physical page31 visually inspected: safety/tools is a table-only page; no Cabin6.15 PNG exists. All rows lack a usable component drawing. Ref1 manual is available in Dealer Portal; remaining PDF entries explicitly say NOT SHOWN. Remaining count is not assigned coordinates: occluded, absent, source-conflicted or insufficiently distinguishable physical objects cannot be derived from Quantity. Existing marker position alone remains selectable without a traced contour.","NOT SHOWN","","/review/figures/fig-cabin-6-15"
"fig-cabin-6-15","Safety and tools","fp-6-15-06","","87-00060","SPANNER 18mm","1","0","0","0","0","0","0","1","unmapped","true","","Manufacturer PDF physical page31 visually inspected: safety/tools is a table-only page; no Cabin6.15 PNG exists. All rows lack a usable component drawing. Ref1 manual is available in Dealer Portal; remaining PDF entries explicitly say NOT SHOWN. Remaining count is not assigned coordinates: occluded, absent, source-conflicted or insufficiently distinguishable physical objects cannot be derived from Quantity. Existing marker position alone remains selectable without a traced contour.","NOT SHOWN","","/review/figures/fig-cabin-6-15"
"fig-cabin-6-15","Safety and tools","fp-6-15-08","","87-00321","5/8'' allen l - wrench hex end","1","0","0","0","0","0","0","1","unmapped","true","","Manufacturer PDF physical page31 visually inspected: safety/tools is a table-only page; no Cabin6.15 PNG exists. All rows lack a usable component drawing. Ref1 manual is available in Dealer Portal; remaining PDF entries explicitly say NOT SHOWN. Remaining count is not assigned coordinates: occluded, absent, source-conflicted or insufficiently distinguishable physical objects cannot be derived from Quantity. Existing marker position alone remains selectable without a traced contour.","NOT SHOWN","","/review/figures/fig-cabin-6-15"
"fig-cabin-6-15","Safety and tools","fp-6-15-09","","87-00353","Tool pouch black","1","0","0","0","0","0","0","1","unmapped","true","","Manufacturer PDF physical page31 visually inspected: safety/tools is a table-only page; no Cabin6.15 PNG exists. All rows lack a usable component drawing. Ref1 manual is available in Dealer Portal; remaining PDF entries explicitly say NOT SHOWN. Remaining count is not assigned coordinates: occluded, absent, source-conflicted or insufficiently distinguishable physical objects cannot be derived from Quantity. Existing marker position alone remains selectable without a traced contour.","NOT SHOWN","","/review/figures/fig-cabin-6-15"
"fig-cabin-6-15","Safety and tools","fp-6-15-05","","96-00006","Multiple warning label kit","1","0","0","0","0","0","0","1","unmapped","true","","Manufacturer PDF physical page31 visually inspected: safety/tools is a table-only page; no Cabin6.15 PNG exists. All rows lack a usable component drawing. Ref1 manual is available in Dealer Portal; remaining PDF entries explicitly say NOT SHOWN. Remaining count is not assigned coordinates: occluded, absent, source-conflicted or insufficiently distinguishable physical objects cannot be derived from Quantity. Existing marker position alone remains selectable without a traced contour.","NOT SHOWN","","/review/figures/fig-cabin-6-15"
"fig-cabin-6-15","Safety and tools","fp-6-15-01","","96-00071","User manual","1","0","0","0","0","0","0","1","unmapped","true","","Manufacturer PDF physical page31 visually inspected: safety/tools is a table-only page; no Cabin6.15 PNG exists. All rows lack a usable component drawing. Ref1 manual is available in Dealer Portal; remaining PDF entries explicitly say NOT SHOWN. Remaining count is not assigned coordinates: occluded, absent, source-conflicted or insufficiently distinguishable physical objects cannot be derived from Quantity. Existing marker position alone remains selectable without a traced contour.","NOT SHOWN - PDF version available on Dealer Portal","","/review/figures/fig-cabin-6-15"
"fig-cabin-6-16","Cabine heating system","fp-6-16-01","1","89-00036","3 speed blower motor 35,000 btu","1","1","1","0","0","1","0","0","match","false","","Full original PNG has five detached labelled heater/blower/valve components around vehicle background. Existing exterior proposals represent only those five explicit leaders; background cab is not selected geometry. Current full plate visually inspected; existing printed reference 1 remains source evidence.","OPTION","/drawings/ft3w/ft3w-cabin-6-16.png","/review/figures/fig-cabin-6-16"
"fig-cabin-6-16","Cabine heating system","fp-6-16-02","2","89-00110","Evo 40 12v diesel rheostat","1","1","1","0","0","1","0","0","match","false","","Full original PNG has five detached labelled heater/blower/valve components around vehicle background. Existing exterior proposals represent only those five explicit leaders; background cab is not selected geometry. Current full plate visually inspected; existing printed reference 2 remains source evidence.","OPTION","/drawings/ft3w/ft3w-cabin-6-16.png","/review/figures/fig-cabin-6-16"
"fig-cabin-6-16","Cabine heating system","fp-6-16-03","3","68-00122","Heater 12 volt","1","1","1","0","0","1","0","0","match","false","","Full original PNG has five detached labelled heater/blower/valve components around vehicle background. Existing exterior proposals represent only those five explicit leaders; background cab is not selected geometry. Current full plate visually inspected; existing printed reference 3 remains source evidence.","STANDARD - LOCATED INSIDE CENTRAL CONSOLE","/drawings/ft3w/ft3w-cabin-6-16.png","/review/figures/fig-cabin-6-16"
"fig-cabin-6-16","Cabine heating system","fp-6-16-04","4","34-00091","Water valve assy 12/24v hose 5/8 inlet, 5/8 outlet","2","2","2","0","0","1","1","0","match","false","","Ref4 points at right water valve; matching second valve sits immediately left beneath heater assembly, with the same valve body and hose connections.","","/drawings/ft3w/ft3w-cabin-6-16.png","/review/figures/fig-cabin-6-16"
"fig-cabin-6-16","Cabine heating system","fp-6-16-05","5","89-00093","12v feet heater","1","1","1","0","0","1","0","0","match","false","","Full original PNG has five detached labelled heater/blower/valve components around vehicle background. Existing exterior proposals represent only those five explicit leaders; background cab is not selected geometry. Current full plate visually inspected; existing printed reference 5 remains source evidence.","UNDER LH OPERATOR SEAT","/drawings/ft3w/ft3w-cabin-6-16.png","/review/figures/fig-cabin-6-16"
"fig-cabin-6-16","Cabine heating system","fp-6-16-06","","88-00195","Webasto engine & tank heater","1","0","0","0","0","0","0","1","unmapped","true","","No source callout associated with this imported row. WEBASTO ENGINE COOLANT OPTION (NOT SHOWN) Legacy/source remark explicitly says NOT SHOWN; this is evidence, not approved depiction exception. Remaining count is not assigned coordinates: occluded, absent, source-conflicted or insufficiently distinguishable physical objects cannot be derived from Quantity. Existing marker position alone remains selectable without a traced contour.","WEBASTO ENGINE COOLANT OPTION (NOT SHOWN)","/drawings/ft3w/ft3w-cabin-6-16.png","/review/figures/fig-cabin-6-16"
"fig-cabin-6-17","Air conditioning option (88-00256)","fp-6-17-01","1","86-00142","A/c brushguard","1","1","1","0","0","1","0","0","match","false","","Original brushguard personally inspected full and4x crop2026-09-09: front/rear bent bars and source-connected crossmember traced as three material regions under the single labelled assembly, preserving open background. Current full plate visually inspected; existing printed reference 1 remains source evidence.","","/drawings/ft3w/ft3w-cabin-6-17.png","/review/figures/fig-cabin-6-17"
"fig-cabin-6-17","Air conditioning option (88-00256)","fp-6-17-02","2","84-00210","Minibus air conditionner","1","1","1","0","0","1","0","0","match","false","","Original6.17 full PNG and manufacturer audit: A/C2faces/grilles, dial3/bezel4, hosecover5, bracket6, baffles13/14 are separately printed. Opaque faces are not holes; cover folds/mounting apertures/grilles remain incomplete. Current full plate visually inspected; existing printed reference 2 remains source evidence.","","/drawings/ft3w/ft3w-cabin-6-17.png","/review/figures/fig-cabin-6-17"
"fig-cabin-6-17","Air conditioning option (88-00256)","fp-6-17-03","3","84-00311","A/c dial controller","1","1","1","0","0","1","0","0","match","false","","Original6.17 full PNG and manufacturer audit: A/C2faces/grilles, dial3/bezel4, hosecover5, bracket6, baffles13/14 are separately printed. Opaque faces are not holes; cover folds/mounting apertures/grilles remain incomplete. Current full plate visually inspected; existing printed reference 3 remains source evidence.","","/drawings/ft3w/ft3w-cabin-6-17.png","/review/figures/fig-cabin-6-17"
"fig-cabin-6-17","Air conditioning option (88-00256)","fp-6-17-04","4","84-00279","A/c controller bezel","1","1","1","0","0","1","0","0","match","false","","Original6.17 full PNG and manufacturer audit: A/C2faces/grilles, dial3/bezel4, hosecover5, bracket6, baffles13/14 are separately printed. Opaque faces are not holes; cover folds/mounting apertures/grilles remain incomplete. Current full plate visually inspected; existing printed reference 4 remains source evidence.","","/drawings/ft3w/ft3w-cabin-6-17.png","/review/figures/fig-cabin-6-17"
"fig-cabin-6-17","Air conditioning option (88-00256)","fp-6-17-05","5","84-00169","A/c wall hoses cover","1","1","1","0","0","1","0","0","match","false","","Original6.17 full PNG and manufacturer audit: A/C2faces/grilles, dial3/bezel4, hosecover5, bracket6, baffles13/14 are separately printed. Opaque faces are not holes; cover folds/mounting apertures/grilles remain incomplete. Current full plate visually inspected; existing printed reference 5 remains source evidence.","","/drawings/ft3w/ft3w-cabin-6-17.png","/review/figures/fig-cabin-6-17"
"fig-cabin-6-17","Air conditioning option (88-00256)","fp-6-17-06","6","70-01422","Roof bracket","4","3","3","0","0","1","2","1","shortfall","true","","Ref6 left roof bracket has matching lower-center and right brackets in the expanded assembly. Three individually visible brackets; fourth is occluded. Remaining count is not assigned coordinates: occluded, absent, source-conflicted or insufficiently distinguishable physical objects cannot be derived from Quantity.","","/drawings/ft3w/ft3w-cabin-6-17.png","/review/figures/fig-cabin-6-17"
"fig-cabin-6-17","Air conditioning option (88-00256)","fp-6-17-07","7","19-00626","Slotted unthreaded spacer","4","3","3","0","0","1","2","1","shortfall","true","","Ref7 slotted spacer is paired with visible spacers below far plenum and near plenum bracket axes. Three visible spacer positions total. Remaining count is not assigned coordinates: occluded, absent, source-conflicted or insufficiently distinguishable physical objects cannot be derived from Quantity.","","/drawings/ft3w/ft3w-cabin-6-17.png","/review/figures/fig-cabin-6-17"
"fig-cabin-6-17","Air conditioning option (88-00256)","fp-6-17-08","8","19-00798","Aluminum unthreaded spacer","4","3","3","0","0","1","2","1","shortfall","true","","Ref8 round spacer is paired with visible upper spacers at far and near plenum bracket axes. Three visible spacer positions total. Remaining count is not assigned coordinates: occluded, absent, source-conflicted or insufficiently distinguishable physical objects cannot be derived from Quantity.","","/drawings/ft3w/ft3w-cabin-6-17.png","/review/figures/fig-cabin-6-17"
"fig-cabin-6-17","Air conditioning option (88-00256)","fp-6-17-09","9","84-00031","Mei no. 10 90 deg. aeroquip ez clip steel hose fitting","2","1","1","0","0","1","0","1","shortfall","true","","Original individually labelled fittings personally inspected5x crop2026-09-09; only directly targeted elbow9 and separate fittings10/11 traced, not adjacent quantity copies. Current full plate visually inspected; existing printed reference 9 remains source evidence.  Remaining count is not assigned coordinates: occluded, absent, source-conflicted or insufficiently distinguishable physical objects cannot be derived from Quantity. Existing marker position alone remains selectable without a traced contour.","","/drawings/ft3w/ft3w-cabin-6-17.png","/review/figures/fig-cabin-6-17"
"fig-cabin-6-17","Air conditioning option (88-00256)","fp-6-17-10","10","84-00162","#10 straight bulkhead union fitting","1","1","1","0","0","1","0","0","match","false","","Original individually labelled fittings personally inspected5x crop2026-09-09; only directly targeted elbow9 and separate fittings10/11 traced, not adjacent quantity copies. Current full plate visually inspected; existing printed reference 10 remains source evidence.","","/drawings/ft3w/ft3w-cabin-6-17.png","/review/figures/fig-cabin-6-17"
"fig-cabin-6-17","Air conditioning option (88-00256)","fp-6-17-11","11","84-00163","#8 bulkhead refrigerant fitting","1","1","1","0","0","1","0","0","match","false","","Original individually labelled fittings personally inspected5x crop2026-09-09; only directly targeted elbow9 and separate fittings10/11 traced, not adjacent quantity copies. Current full plate visually inspected; existing printed reference 11 remains source evidence.","","/drawings/ft3w/ft3w-cabin-6-17.png","/review/figures/fig-cabin-6-17"
"fig-cabin-6-17","Air conditioning option (88-00256)","fp-6-17-12","12","84-00033","Mei no. 8 90 deg. aeroquip ez clip steel hose fitting","2","1","1","0","0","1","0","1","shortfall","true","","Original12 leader directly targets front/lower collar; close overlapping upper/outlet parts cannot all be assigned from this raster. Only established collar material traced after removing initial broad candidate. Current full plate visually inspected; existing printed reference 12 remains source evidence.  Remaining count is not assigned coordinates: occluded, absent, source-conflicted or insufficiently distinguishable physical objects cannot be derived from Quantity. Existing marker position alone remains selectable without a traced contour.","","/drawings/ft3w/ft3w-cabin-6-17.png","/review/figures/fig-cabin-6-17"
"fig-cabin-6-17","Air conditioning option (88-00256)","fp-6-17-13","13","84-00161","Right a/c plenum baffle","1","1","1","0","0","1","0","0","match","false","","Original6.17 full PNG and manufacturer audit: A/C2faces/grilles, dial3/bezel4, hosecover5, bracket6, baffles13/14 are separately printed. Opaque faces are not holes; cover folds/mounting apertures/grilles remain incomplete. Current full plate visually inspected; existing printed reference 13 remains source evidence.","","/drawings/ft3w/ft3w-cabin-6-17.png","/review/figures/fig-cabin-6-17"
"fig-cabin-6-17","Air conditioning option (88-00256)","fp-6-17-14","14","84-00160","Left a/c plenum baffle","1","1","1","0","0","1","0","0","match","false","","Original6.17 full PNG and manufacturer audit: A/C2faces/grilles, dial3/bezel4, hosecover5, bracket6, baffles13/14 are separately printed. Opaque faces are not holes; cover folds/mounting apertures/grilles remain incomplete. Current full plate visually inspected; existing printed reference 14 remains source evidence.","","/drawings/ft3w/ft3w-cabin-6-17.png","/review/figures/fig-cabin-6-17"
"fig-cabin-6-17","Air conditioning option (88-00256)","fp-6-17-15","15","84-00111","Right a/c plenum","1","1","1","0","0","1","0","0","match","false","","Original separately labelled plenums personally inspected full and2x crop2026-09-09; known near-side/end walls traced without filled tray envelopes, grille16 association or foreground cylinder material. Current full plate visually inspected; existing printed reference 15 remains source evidence.","","/drawings/ft3w/ft3w-cabin-6-17.png","/review/figures/fig-cabin-6-17"
"fig-cabin-6-17","Air conditioning option (88-00256)","fp-6-17-16","16","84-00210","Minibus air conditionner","1","1","0","0","1","1","0","0","match","true","Ref. 16 points to an A/C grille; the imported row describes an air conditioner and duplicates Ref. 2 part number 84-00210. Source identity needs correction.","PDFphysical33 row2 and row16 both84-00210 but MINIBUS AIR CONDITIONNER versus A/C GRILLE; ref16 PNG is grille. Current full plate visually inspected; existing printed reference 16 remains source evidence.","","/drawings/ft3w/ft3w-cabin-6-17.png","/review/figures/fig-cabin-6-17"
"fig-cabin-6-17","Air conditioning option (88-00256)","fp-6-17-17","17","84-00106","Left a/c plenum","1","1","1","0","0","1","0","0","match","false","","Original separately labelled plenums personally inspected full and2x crop2026-09-09; known near-side/end walls traced without filled tray envelopes, grille16 association or foreground cylinder material. Current full plate visually inspected; existing printed reference 17 remains source evidence.","","/drawings/ft3w/ft3w-cabin-6-17.png","/review/figures/fig-cabin-6-17"
"fig-cabin-6-17","Air conditioning option (88-00256)","fp-6-17-18","18","84-00313","A/c directional louver","8","8","8","0","0","1","7","0","match","false","","Ref18 lower-left directional louver identifies the repeated round louver group. Seven matching detached louvers complete all eight, arranged below the left and right plenums.","","/drawings/ft3w/ft3w-cabin-6-17.png","/review/figures/fig-cabin-6-17"
"fig-cabin-6-17","Air conditioning option (88-00256)","fp-6-17-19","","84-00249","A/c compressor tm21","1","0","0","0","0","0","0","1","unmapped","true","","No source callout associated with this imported row. (NOT SHOWN) SEE ENGINE SECTION Legacy/source remark explicitly says NOT SHOWN; this is evidence, not approved depiction exception. Remaining count is not assigned coordinates: occluded, absent, source-conflicted or insufficiently distinguishable physical objects cannot be derived from Quantity. Existing marker position alone remains selectable without a traced contour.","(NOT SHOWN) SEE ENGINE SECTION","/drawings/ft3w/ft3w-cabin-6-17.png","/review/figures/fig-cabin-6-17"
"fig-cabin-6-18","Hot sticks storage tubes option (88-00168)","fp-6-18-01","1","86-00058","Standard-wall unthreaded rigid pvc pipe for water, 6 pipe size, 10 feet long","2","2","2","0","0","1","1","0","match","false","","Ref1 upper PVC tube has a matching lower PVC tube with open end at lower-left and corresponding front/rear secure racks. Two long tubes are shown.","","/drawings/ft3w/ft3w-cabin-6-18.png","/review/figures/fig-cabin-6-18"
"fig-cabin-6-18","Hot sticks storage tubes option (88-00168)","fp-6-18-02","2","86-00060-1","Front secure conduit rack","2","2","2","0","0","1","1","0","match","false","","Ref2 upper-left front conduit rack/end cap has a matching detached lower-left circular end cap aligned to second tube.","","/drawings/ft3w/ft3w-cabin-6-18.png","/review/figures/fig-cabin-6-18"
"fig-cabin-6-18","Hot sticks storage tubes option (88-00168)","fp-6-18-03","3","86-00060-2","Rear secure conduit rack","2","2","2","0","0","1","1","0","match","false","","Ref3 upper-right rear circular rack has matching lower-right rack aligned to second tube.","","/drawings/ft3w/ft3w-cabin-6-18.png","/review/figures/fig-cabin-6-18"
"fig-cabin-6-18","Hot sticks storage tubes option (88-00168)","fp-6-18-04","4","86-00189","Upper clamping hanger","4","4","4","0","0","1","3","0","match","false","","Ref4 upper-left clamping hanger is repeated at the far end of that tube and both ends of the second tube. Same bent bridge with paired mounting feet, four visible physical hangers total.","","/drawings/ft3w/ft3w-cabin-6-18.png","/review/figures/fig-cabin-6-18"
"fig-cabin-6-18","Hot sticks storage tubes option (88-00168)","fp-6-18-05","5","86-00182","Front right hot stick holder","1","1","1","0","0","1","0","0","match","false","","Four individually labelled holders with distinct86-00182/186/180/184 PNs traced separately, concavities preserve spaces. Current full plate visually inspected; existing printed reference 5 remains source evidence.","","/drawings/ft3w/ft3w-cabin-6-18.png","/review/figures/fig-cabin-6-18"
"fig-cabin-6-18","Hot sticks storage tubes option (88-00168)","fp-6-18-06","6","86-00186","Rear right hot stick holder","1","1","1","0","0","1","0","0","match","false","","Four individually labelled holders with distinct86-00182/186/180/184 PNs traced separately, concavities preserve spaces. Current full plate visually inspected; existing printed reference 6 remains source evidence.","","/drawings/ft3w/ft3w-cabin-6-18.png","/review/figures/fig-cabin-6-18"
"fig-cabin-6-18","Hot sticks storage tubes option (88-00168)","fp-6-18-07","7","86-00180","Front left hot stick holder","1","1","1","0","0","1","0","0","match","false","","Four individually labelled holders with distinct86-00182/186/180/184 PNs traced separately, concavities preserve spaces. Current full plate visually inspected; existing printed reference 7 remains source evidence.","","/drawings/ft3w/ft3w-cabin-6-18.png","/review/figures/fig-cabin-6-18"
"fig-cabin-6-18","Hot sticks storage tubes option (88-00168)","fp-6-18-08","8","86-00184","Rear left hot stick holder","1","1","1","0","0","1","0","0","match","false","","Four individually labelled holders with distinct86-00182/186/180/184 PNs traced separately, concavities preserve spaces. Current full plate visually inspected; existing printed reference 8 remains source evidence.","","/drawings/ft3w/ft3w-cabin-6-18.png","/review/figures/fig-cabin-6-18"
"fig-cabin-6-18","Hot sticks storage tubes option (88-00168)","fp-6-18-09","9","19-00475","Tight-grip push-in bumper sbr rubber for 1/2"" id & 3/16"" thickness, 1"" dia, 5/16"" high","12","4","4","0","0","1","3","8","shortfall","true","","Ref9 directly labels the domed push-in bumper above the first hanger. Matching domed bumpers are shown above the other three hangers. Side-facing discs are not associated by resemblance alone; remaining quantity stays in review. Remaining count is not assigned coordinates: occluded, absent, source-conflicted or insufficiently distinguishable physical objects cannot be derived from Quantity.","","/drawings/ft3w/ft3w-cabin-6-18.png","/review/figures/fig-cabin-6-18"
"fig-cabin-6-18","Hot sticks storage tubes option (88-00168)","fp-6-18-10","10","10-208035-121","Hex flanged screw din 6921 m8 x 1.25 x 35 - zinc plated - class 8.8","8","8","8","0","0","1","7","0","match","false","","Ref10 screw above first upper hanger repeats as a pair above every clamping hanger. Eight discrete bolt heads and shanks occur at all four hanger feet; source quantity8 agrees.","","/drawings/ft3w/ft3w-cabin-6-18.png","/review/figures/fig-cabin-6-18"
"fig-cabin-6-18","Hot sticks storage tubes option (88-00168)","fp-6-18-11","11","12-208000-122","Hex flanged nut top lock din 6927 m8 x 1.25 - zinc plated - class 10","8","8","8","0","0","1","7","0","match","false","","Ref11 detached nut below first hanger screw repeats below each of the eight hanger screws, with a separate small dark hex profile on each bolt axis.","","/drawings/ft3w/ft3w-cabin-6-18.png","/review/figures/fig-cabin-6-18"
"fig-cabin-6-18","Hot sticks storage tubes option (88-00168)","fp-6-18-12","12","10-206016-121","Hex flanged screw din 6921 m6 x 1.0 x 16 - zinc plated - class 8.8","8","1","0","0","1","1","0","7","shortfall","true","","Original6.18 printed upperbumper9,screw10,nut11 and lower-leftsupport hardware12–15 are tiny directly labelled targets; several leader dots occupy most pixels. Current full plate visually inspected; existing printed reference 12 remains source evidence.  Remaining count is not assigned coordinates: occluded, absent, source-conflicted or insufficiently distinguishable physical objects cannot be derived from Quantity. Existing marker position alone remains selectable without a traced contour.","","/drawings/ft3w/ft3w-cabin-6-18.png","/review/figures/fig-cabin-6-18"
"fig-cabin-6-18","Hot sticks storage tubes option (88-00168)","fp-6-18-13","13","12-206000-122","Hex flanged nut top lock din 6927 m6 x 1.0 - zinc plated - class 10","8","1","0","0","1","1","0","7","shortfall","true","","Original6.18 printed upperbumper9,screw10,nut11 and lower-leftsupport hardware12–15 are tiny directly labelled targets; several leader dots occupy most pixels. Current full plate visually inspected; existing printed reference 13 remains source evidence.  Remaining count is not assigned coordinates: occluded, absent, source-conflicted or insufficiently distinguishable physical objects cannot be derived from Quantity. Existing marker position alone remains selectable without a traced contour.","","/drawings/ft3w/ft3w-cabin-6-18.png","/review/figures/fig-cabin-6-18"
"fig-cabin-6-18","Hot sticks storage tubes option (88-00168)","fp-6-18-14","14","10-208020-121","Hex flanged screw din 6921 m8 x 1.25 x 20 - zinc plated - class 8.8","4","1","0","0","1","1","0","3","shortfall","true","","Original6.18 printed upperbumper9,screw10,nut11 and lower-leftsupport hardware12–15 are tiny directly labelled targets; several leader dots occupy most pixels. Current full plate visually inspected; existing printed reference 14 remains source evidence.  Remaining count is not assigned coordinates: occluded, absent, source-conflicted or insufficiently distinguishable physical objects cannot be derived from Quantity. Existing marker position alone remains selectable without a traced contour.","","/drawings/ft3w/ft3w-cabin-6-18.png","/review/figures/fig-cabin-6-18"
"fig-cabin-6-18","Hot sticks storage tubes option (88-00168)","fp-6-18-15","15","16-00024","Heavy duty twist-resistant rivet nut m8 x 1.25 interior thread, 0.8 - 4.0 mm material thickness","4","1","0","0","1","1","0","3","shortfall","true","","Original6.18 printed upperbumper9,screw10,nut11 and lower-leftsupport hardware12–15 are tiny directly labelled targets; several leader dots occupy most pixels. Current full plate visually inspected; existing printed reference 15 remains source evidence.  Remaining count is not assigned coordinates: occluded, absent, source-conflicted or insufficiently distinguishable physical objects cannot be derived from Quantity. Existing marker position alone remains selectable without a traced contour.","","/drawings/ft3w/ft3w-cabin-6-18.png","/review/figures/fig-cabin-6-18"
"fig-cowling-fender-7-1","Cowling and fender","fp-7-1-01","1","42-00007","Front light near flood 12v","2","1","1","0","0","1","0","1","shortfall","true","","Plate shows only 1 independently identifiable Front light near flood 12v instance(s); remaining locations are occluded or not separately depicted, and quantity alone does not locate them.","","/drawings/ft3w/ft3w-cowling-fender-7-1.png","/review/figures/fig-cowling-fender-7-1"
"fig-cowling-fender-7-1","Cowling and fender","fp-7-1-02","2","42-00005","Front light far flood 12v","2","1","1","0","0","1","0","1","shortfall","true","","Plate shows only 1 independently identifiable Front light far flood 12v instance(s); remaining locations are occluded or not separately depicted, and quantity alone does not locate them.","","/drawings/ft3w/ft3w-cowling-fender-7-1.png","/review/figures/fig-cowling-fender-7-1"
"fig-cowling-fender-7-1","Cowling and fender","fp-7-1-03","3","42-00002","Marker lamp","2","1","1","0","0","1","0","1","shortfall","true","","Plate shows only 1 independently identifiable Marker lamp instance(s); remaining locations are occluded or not separately depicted, and quantity alone does not locate them.","","/drawings/ft3w/ft3w-cowling-fender-7-1.png","/review/figures/fig-cowling-fender-7-1"
"fig-cowling-fender-7-1","Cowling and fender","fp-7-1-04","4","42-00017","Front led strip","2","1","1","0","0","1","0","1","shortfall","true","","Plate shows only 1 independently identifiable Front led strip instance(s); remaining locations are occluded or not separately depicted, and quantity alone does not locate them.","","/drawings/ft3w/ft3w-cowling-fender-7-1.png","/review/figures/fig-cowling-fender-7-1"
"fig-cowling-fender-7-1","Cowling and fender","fp-7-1-05","5","42-00001","Rear light","2","2","2","0","0","1","1","0","match","false","","All table-quantity instances identified on the inspected source plate; contour detail remains subject to existing partial-geometry notes.","","/drawings/ft3w/ft3w-cowling-fender-7-1.png","/review/figures/fig-cowling-fender-7-1"
"fig-cowling-fender-7-1","Cowling and fender","fp-7-1-06","6","63-00635","Cab top air grill","2","2","2","0","0","1","1","0","match","false","","All table-quantity instances identified on the inspected source plate; contour detail remains subject to existing partial-geometry notes.","","/drawings/ft3w/ft3w-cowling-fender-7-1.png","/review/figures/fig-cowling-fender-7-1"
"fig-cowling-fender-7-1","Cowling and fender","fp-7-1-07","7","63-00217","Rear left light support","1","1","1","0","0","1","0","0","match","false","","All table-quantity instances identified on the inspected source plate; contour detail remains subject to existing partial-geometry notes.","","/drawings/ft3w/ft3w-cowling-fender-7-1.png","/review/figures/fig-cowling-fender-7-1"
"fig-cowling-fender-7-1","Cowling and fender","fp-7-1-08","8","63-01068","Right rear light support","1","1","1","0","0","1","0","0","match","false","","All table-quantity instances identified on the inspected source plate; contour detail remains subject to existing partial-geometry notes.","","/drawings/ft3w/ft3w-cowling-fender-7-1.png","/review/figures/fig-cowling-fender-7-1"
"fig-cowling-fender-7-1","Cowling and fender","fp-7-1-09","9","63-00225","Rear left light box","1","1","1","0","0","1","0","0","match","false","","All table-quantity instances identified on the inspected source plate; contour detail remains subject to existing partial-geometry notes.","","/drawings/ft3w/ft3w-cowling-fender-7-1.png","/review/figures/fig-cowling-fender-7-1"
"fig-cowling-fender-7-1","Cowling and fender","fp-7-1-10","10","63-01069","Right rear light box","1","1","1","0","0","1","0","0","match","false","","All table-quantity instances identified on the inspected source plate; contour detail remains subject to existing partial-geometry notes.","","/drawings/ft3w/ft3w-cowling-fender-7-1.png","/review/figures/fig-cowling-fender-7-1"
"fig-cowling-fender-7-1","Cowling and fender","fp-7-1-11","11","63-00718","Rear left fender","1","1","1","0","0","1","0","0","match","false","","All table-quantity instances identified on the inspected source plate; contour detail remains subject to existing partial-geometry notes.","","/drawings/ft3w/ft3w-cowling-fender-7-1.png","/review/figures/fig-cowling-fender-7-1"
"fig-cowling-fender-7-1","Cowling and fender","fp-7-1-12","12","63-00722","Rear right fender","1","1","1","0","0","1","0","0","match","false","","All table-quantity instances identified on the inspected source plate; contour detail remains subject to existing partial-geometry notes.","","/drawings/ft3w/ft3w-cowling-fender-7-1.png","/review/figures/fig-cowling-fender-7-1"
"fig-cowling-fender-7-1","Cowling and fender","fp-7-1-13","13","60-00513","Left radiator panel","1","1","1","0","0","1","0","0","match","false","","All table-quantity instances identified on the inspected source plate; contour detail remains subject to existing partial-geometry notes.","","/drawings/ft3w/ft3w-cowling-fender-7-1.png","/review/figures/fig-cowling-fender-7-1"
"fig-cowling-fender-7-1","Cowling and fender","fp-7-1-14","14","63-00643","Right fender bridge assy","1","1","1","0","0","1","0","0","match","false","","All table-quantity instances identified on the inspected source plate; contour detail remains subject to existing partial-geometry notes.","","/drawings/ft3w/ft3w-cowling-fender-7-1.png","/review/figures/fig-cowling-fender-7-1"
"fig-cowling-fender-7-1","Cowling and fender","fp-7-1-15","15","63-00224","Rear left cable tray","1","1","1","0","0","1","0","0","match","false","","All table-quantity instances identified on the inspected source plate; contour detail remains subject to existing partial-geometry notes.","","/drawings/ft3w/ft3w-cowling-fender-7-1.png","/review/figures/fig-cowling-fender-7-1"
"fig-cowling-fender-7-1","Cowling and fender","fp-7-1-16","16","63-00227","Rear right cable tray","1","1","1","0","0","1","0","0","match","false","","All table-quantity instances identified on the inspected source plate; contour detail remains subject to existing partial-geometry notes.","","/drawings/ft3w/ft3w-cowling-fender-7-1.png","/review/figures/fig-cowling-fender-7-1"
"fig-cowling-fender-7-1","Cowling and fender","fp-7-1-17","17","63-01194","Side air grille assy","2","2","2","0","0","1","1","0","match","false","","All table-quantity instances identified on the inspected source plate; contour detail remains subject to existing partial-geometry notes.","","/drawings/ft3w/ft3w-cowling-fender-7-1.png","/review/figures/fig-cowling-fender-7-1"
"fig-cowling-fender-7-1","Cowling and fender","fp-7-1-18","18","63-00226","Front left cable tray","1","1","1","0","0","1","0","0","match","false","","All table-quantity instances identified on the inspected source plate; contour detail remains subject to existing partial-geometry notes.","","/drawings/ft3w/ft3w-cowling-fender-7-1.png","/review/figures/fig-cowling-fender-7-1"
"fig-cowling-fender-7-1","Cowling and fender","fp-7-1-19","19","63-00242","Front right cable tray","1","1","1","0","0","1","0","0","match","false","","All table-quantity instances identified on the inspected source plate; contour detail remains subject to existing partial-geometry notes.","","/drawings/ft3w/ft3w-cowling-fender-7-1.png","/review/figures/fig-cowling-fender-7-1"
"fig-cowling-fender-7-1","Cowling and fender","fp-7-1-20","20","63-00306","Water stopper","2","1","1","0","0","1","0","1","shortfall","true","","Plate shows only 1 independently identifiable Water stopper instance(s); remaining locations are occluded or not separately depicted, and quantity alone does not locate them.","","/drawings/ft3w/ft3w-cowling-fender-7-1.png","/review/figures/fig-cowling-fender-7-1"
"fig-cowling-fender-7-1","Cowling and fender","fp-7-1-21","21","63-00454","Left center fender","1","1","1","0","0","1","0","0","match","false","","All table-quantity instances identified on the inspected source plate; contour detail remains subject to existing partial-geometry notes.","","/drawings/ft3w/ft3w-cowling-fender-7-1.png","/review/figures/fig-cowling-fender-7-1"
"fig-cowling-fender-7-1","Cowling and fender","fp-7-1-22","22","63-00448","Center fender with drain holes","1","1","1","0","0","1","0","0","match","false","","All table-quantity instances identified on the inspected source plate; contour detail remains subject to existing partial-geometry notes.","","/drawings/ft3w/ft3w-cowling-fender-7-1.png","/review/figures/fig-cowling-fender-7-1"
"fig-cowling-fender-7-1","Cowling and fender","fp-7-1-23","23","63-00716","Front left fender","1","1","1","0","0","1","0","0","match","false","","All table-quantity instances identified on the inspected source plate; contour detail remains subject to existing partial-geometry notes.","","/drawings/ft3w/ft3w-cowling-fender-7-1.png","/review/figures/fig-cowling-fender-7-1"
"fig-cowling-fender-7-1","Cowling and fender","fp-7-1-24","24","63-00720","Front right fender","1","1","1","0","0","1","0","0","match","false","","All table-quantity instances identified on the inspected source plate; contour detail remains subject to existing partial-geometry notes.","","/drawings/ft3w/ft3w-cowling-fender-7-1.png","/review/figures/fig-cowling-fender-7-1"
"fig-cowling-fender-7-1","Cowling and fender","fp-7-1-25","25","63-01145","Left headlight cover","1","1","1","0","0","1","0","0","match","false","","All table-quantity instances identified on the inspected source plate; contour detail remains subject to existing partial-geometry notes.","","/drawings/ft3w/ft3w-cowling-fender-7-1.png","/review/figures/fig-cowling-fender-7-1"
"fig-cowling-fender-7-1","Cowling and fender","fp-7-1-26","26","63-01146","Right headlight cover","1","1","1","0","0","1","0","0","match","false","","All table-quantity instances identified on the inspected source plate; contour detail remains subject to existing partial-geometry notes.","","/drawings/ft3w/ft3w-cowling-fender-7-1.png","/review/figures/fig-cowling-fender-7-1"
"fig-cowling-fender-7-1","Cowling and fender","fp-7-1-27","27","63-01147","Left headlight","1","1","1","0","0","1","0","0","match","false","","All table-quantity instances identified on the inspected source plate; contour detail remains subject to existing partial-geometry notes.","","/drawings/ft3w/ft3w-cowling-fender-7-1.png","/review/figures/fig-cowling-fender-7-1"
"fig-cowling-fender-7-1","Cowling and fender","fp-7-1-28","28","63-01148","Right headlight","1","1","1","0","0","1","0","0","match","false","","All table-quantity instances identified on the inspected source plate; contour detail remains subject to existing partial-geometry notes.","","/drawings/ft3w/ft3w-cowling-fender-7-1.png","/review/figures/fig-cowling-fender-7-1"
"fig-cowling-fender-7-1","Cowling and fender","fp-7-1-29","29","63-00640","Top fender air grill","2","1","1","0","0","1","0","1","shortfall","true","","Two original flange polygons belong to one broad top-fender grille. Other visible long narrow grilles match Ref.6; no second independent broad Ref.29 grille contour is established. Slatted interior remains partial.","","/drawings/ft3w/ft3w-cowling-fender-7-1.png","/review/figures/fig-cowling-fender-7-1"
"fig-cowling-fender-7-1","Cowling and fender","fp-7-1-30","30","63-00846","Air deflector","1","1","1","0","0","1","0","0","match","false","","All table-quantity instances identified on the inspected source plate; contour detail remains subject to existing partial-geometry notes.","","/drawings/ft3w/ft3w-cowling-fender-7-1.png","/review/figures/fig-cowling-fender-7-1"
"fig-cowling-fender-7-1","Cowling and fender","fp-7-1-31","31","65-00231","Radiator cap cover","1","1","1","0","0","1","0","0","match","false","","All table-quantity instances identified on the inspected source plate; contour detail remains subject to existing partial-geometry notes.","","/drawings/ft3w/ft3w-cowling-fender-7-1.png","/review/figures/fig-cowling-fender-7-1"
"fig-cowling-fender-7-1","Cowling and fender","fp-7-1-32","32","63-00634","Fender corner radiator cover","1","1","1","0","0","1","0","0","match","false","","All table-quantity instances identified on the inspected source plate; contour detail remains subject to existing partial-geometry notes.","","/drawings/ft3w/ft3w-cowling-fender-7-1.png","/review/figures/fig-cowling-fender-7-1"
"fig-cowling-fender-7-1","Cowling and fender","fp-7-1-33","33","60-00452","Fuel hose cover","1","1","1","0","0","1","0","0","match","false","","All table-quantity instances identified on the inspected source plate; contour detail remains subject to existing partial-geometry notes.","","/drawings/ft3w/ft3w-cowling-fender-7-1.png","/review/figures/fig-cowling-fender-7-1"
"fig-cowling-fender-7-1","Cowling and fender","fp-7-1-34","34","49-00097","Rubber grommet","10","0","0","0","0","0","0","10","unmapped","true","","Rubber grommet Ref.34 is not pictured on this source plate; ten expected locations cannot be inferred from holes in unrelated panels.","","/drawings/ft3w/ft3w-cowling-fender-7-1.png","/review/figures/fig-cowling-fender-7-1"
"fig-cowling-fender-7-2","Lower frame panels","fp-7-2-01","1","70-02269","Side access panel","4","4","4","0","0","1","3","0","match","false","","All table-quantity instances identified on the inspected source plate; contour detail remains subject to existing partial-geometry notes.","","/drawings/ft3w/ft3w-cowling-fender-7-2.png","/review/figures/fig-cowling-fender-7-2"
"fig-cowling-fender-7-2","Lower frame panels","fp-7-2-02","2","70-01766","Bottom access panel","2","2","2","0","0","1","1","0","match","false","","All table-quantity instances identified on the inspected source plate; contour detail remains subject to existing partial-geometry notes.","","/drawings/ft3w/ft3w-cowling-fender-7-2.png","/review/figures/fig-cowling-fender-7-2"
"fig-cowling-fender-7-2","Lower frame panels","fp-7-2-03","3","18-00019","Extreme-pressure steel plug with hex drive fluoroelastomer rubber gasket, 1-5/16""-12 unf thread","2","1","1","0","0","1","0","1","shortfall","true","","Only one detached drain plug is shown on right-hand bottom projection; second plug location is obscured or omitted.","","/drawings/ft3w/ft3w-cowling-fender-7-2.png","/review/figures/fig-cowling-fender-7-2"
"fig-cowling-fender-7-2","Lower frame panels","fp-7-2-04","4","10-106014-121","M6 side panel bolt","72","17","17","0","0","1","16","55","shortfall","true","","Source depicts one detached 18-position side-bolt group for four panels; 17 unobscured bolt contours are mapped, while the Ref.4 dot obscures the eighteenth contour. Additional panel bolt groups are omitted; table expected72 remains review.","","/drawings/ft3w/ft3w-cowling-fender-7-2.png","/review/figures/fig-cowling-fender-7-2"
"fig-cowling-fender-7-2","Lower frame panels","fp-7-2-05","5","10-408010-122","M8 buttom panel flat head","20","11","11","0","0","1","10","9","shortfall","true","","Source depicts twelve positions in one detached bottom-screw group, but table specifies20 for two panels. Eleven unobscured contours mapped; the leader-dot target is contour-obscured. Omitted second-group screws and depiction/count discrepancy remain review.","","/drawings/ft3w/ft3w-cowling-fender-7-2.png","/review/figures/fig-cowling-fender-7-2"
"fig-cowling-fender-7-2","Lower frame panels","fp-7-2-06","6","87-00321","5/8'' allen l - wrench hex end","1","0","0","0","0","0","0","1","unmapped","true","","No source-supported visible contour or unique same-reference pointer established on inspected plate; row remains withheld.","","/drawings/ft3w/ft3w-cowling-fender-7-2.png","/review/figures/fig-cowling-fender-7-2"
"fig-engine-8-1","Engine accessory belt assembly","fp-8-1-01","1","84-00172","Accessory belt","1","1","1","0","0","1","0","0","match","false","","All expected physical instances have source-backed contours, following printed leaders and visible assembly correspondence. Existing geometry preserved.","A/C OPTION (88-00256-1) or (88-00256-2)","/drawings/ft3w/ft3w-engine-8-1.png","/review/figures/fig-engine-8-1"
"fig-engine-8-1","Engine accessory belt assembly","fp-8-1-02","2","38-00013","Accessory belt","1","1","1","0","0","1","0","0","match","false","","All expected physical instances have source-backed contours, following printed leaders and visible assembly correspondence. Existing geometry preserved.","STANDARD BELT (ALTERNATOR + WATER PUMP)","/drawings/ft3w/ft3w-engine-8-1.png","/review/figures/fig-engine-8-1"
"fig-engine-8-1","Engine accessory belt assembly","fp-8-1-03","3","39-00142","Belt tensioner","2","2","2","0","0","1","1","0","match","false","","All expected physical instances have source-backed contours, following printed leaders and visible assembly correspondence. Existing geometry preserved.","","/drawings/ft3w/ft3w-engine-8-1.png","/review/figures/fig-engine-8-1"
"fig-engine-8-1","Engine accessory belt assembly","fp-8-1-04","4","36-00157","Idler pulley","2","2","2","0","0","1","1","0","match","false","","All expected physical instances have source-backed contours, following printed leaders and visible assembly correspondence. Existing geometry preserved.","","/drawings/ft3w/ft3w-engine-8-1.png","/review/figures/fig-engine-8-1"
"fig-engine-8-1","Engine accessory belt assembly","fp-8-1-05","5","31-00499","Alternator pulley","1","1","1","0","0","1","0","0","match","false","","All expected physical instances have source-backed contours, following printed leaders and visible assembly correspondence. Existing geometry preserved.","","/drawings/ft3w/ft3w-engine-8-1.png","/review/figures/fig-engine-8-1"
"fig-engine-8-1","Engine accessory belt assembly","fp-8-1-06","6","34-00964","Double pulley","1","1","1","0","0","1","0","0","match","false","","All expected physical instances have source-backed contours, following printed leaders and visible assembly correspondence. Existing geometry preserved.","","/drawings/ft3w/ft3w-engine-8-1.png","/review/figures/fig-engine-8-1"
"fig-engine-8-1","Engine accessory belt assembly","fp-8-1-07","7","36-00338","Idler mount","2","2","2","0","0","1","1","0","match","false","","All expected physical instances have source-backed contours, following printed leaders and visible assembly correspondence. Existing geometry preserved.","","/drawings/ft3w/ft3w-engine-8-1.png","/review/figures/fig-engine-8-1"
"fig-engine-8-1","Engine accessory belt assembly","fp-8-1-08","8","36-00337","54mm idler pulley","1","1","1","0","0","1","0","0","match","false","","All expected physical instances have source-backed contours, following printed leaders and visible assembly correspondence. Existing geometry preserved.","","/drawings/ft3w/ft3w-engine-8-1.png","/review/figures/fig-engine-8-1"
"fig-engine-8-1","Engine accessory belt assembly","fp-8-1-09","9","10-210060-121","Hex flanged screw din 6921 m10 x 1.5 x 60 - zinc plated - class 8.8","2","2","2","0","0","1","1","0","match","false","","All expected physical instances have source-backed contours, following printed leaders and visible assembly correspondence. Existing geometry preserved.","","/drawings/ft3w/ft3w-engine-8-1.png","/review/figures/fig-engine-8-1"
"fig-engine-8-1","Engine accessory belt assembly","fp-8-1-10","10","10-210090-121","M10 bolt","2","2","2","0","0","1","1","0","match","false","","All expected physical instances have source-backed contours, following printed leaders and visible assembly correspondence. Existing geometry preserved.","","/drawings/ft3w/ft3w-engine-8-1.png","/review/figures/fig-engine-8-1"
"fig-engine-8-1","Engine accessory belt assembly","fp-8-1-11","11","13-210027-120","M10 washer","2","2","2","0","0","1","1","0","match","false","","All expected physical instances have source-backed contours, following printed leaders and visible assembly correspondence. Existing geometry preserved.","","/drawings/ft3w/ft3w-engine-8-1.png","/review/figures/fig-engine-8-1"
"fig-engine-8-1","Engine accessory belt assembly","fp-8-1-13","","36-00157","Idler pulley","1","0","0","0","0","0","0","1","unmapped","true","Source parts-list remark explicitly says WITHOUT A/C OPTION (88-00256-0) - NOT SHOWN. No physical contour fabricated.","Source parts-list remark explicitly says WITHOUT A/C OPTION (88-00256-0) - NOT SHOWN. No physical contour fabricated.","WITHOUT A/C OPTION (88-00256-0) - NOT SHOWN","/drawings/ft3w/ft3w-engine-8-1.png","/review/figures/fig-engine-8-1"
"fig-engine-8-1","Engine accessory belt assembly","fp-8-1-14","","36-00338","Idler mount","1","0","0","0","0","0","0","1","unmapped","true","Source parts-list remark explicitly says WITHOUT A/C OPTION (88-00256-0) - NOT SHOWN. No physical contour fabricated.","Source parts-list remark explicitly says WITHOUT A/C OPTION (88-00256-0) - NOT SHOWN. No physical contour fabricated.","WITHOUT A/C OPTION (88-00256-0) - NOT SHOWN","/drawings/ft3w/ft3w-engine-8-1.png","/review/figures/fig-engine-8-1"
"fig-engine-8-1","Engine accessory belt assembly","fp-8-1-12","","38-00010","Accessory belt","1","0","0","0","0","0","0","1","unmapped","true","Source parts-list remark explicitly says WITHOUT A/C OPTION (88-00256-0) - NOT SHOWN. No physical contour fabricated.","Source parts-list remark explicitly says WITHOUT A/C OPTION (88-00256-0) - NOT SHOWN. No physical contour fabricated.","WITHOUT A/C OPTION (88-00256-0) - NOT SHOWN","/drawings/ft3w/ft3w-engine-8-1.png","/review/figures/fig-engine-8-1"
"fig-engine-8-2","Engine accessories","fp-8-2-01","1","12-210000-121","M10 nut","1","1","1","0","0","1","0","0","match","false","","All expected physical instances have source-backed contours, following printed leaders and visible assembly correspondence. Existing geometry preserved.","","/drawings/ft3w/ft3w-engine-8-2.png","/review/figures/fig-engine-8-2"
"fig-engine-8-2","Engine accessories","fp-8-2-02","2","13-110020-120","M10 washer","2","2","2","0","0","1","1","0","match","false","","All expected physical instances have source-backed contours, following printed leaders and visible assembly correspondence. Existing geometry preserved.","","/drawings/ft3w/ft3w-engine-8-2.png","/review/figures/fig-engine-8-2"
"fig-engine-8-2","Engine accessories","fp-8-2-03","3","49-00467","Alternator","1","1","1","0","0","1","0","0","match","false","","All expected physical instances have source-backed contours, following printed leaders and visible assembly correspondence. Existing geometry preserved.","","/drawings/ft3w/ft3w-engine-8-2.png","/review/figures/fig-engine-8-2"
"fig-engine-8-2","Engine accessories","fp-8-2-04","4","10-110120-121","M10 alternator screw","1","1","1","0","0","1","0","0","match","false","","All expected physical instances have source-backed contours, following printed leaders and visible assembly correspondence. Existing geometry preserved.","","/drawings/ft3w/ft3w-engine-8-2.png","/review/figures/fig-engine-8-2"
"fig-engine-8-2","Engine accessories","fp-8-2-05","5","36-00259","Blower tx04","1","1","1","0","0","1","0","0","match","false","","All expected physical instances have source-backed contours, following printed leaders and visible assembly correspondence. Existing geometry preserved.","","/drawings/ft3w/ft3w-engine-8-2.png","/review/figures/fig-engine-8-2"
"fig-engine-8-2","Engine accessories","fp-8-2-06","6","84-00249","A/c compressor tm21","1","1","1","0","0","1","0","0","match","false","","All expected physical instances have source-backed contours, following printed leaders and visible assembly correspondence. Existing geometry preserved.","Only with A/C option (88-00256-1) or (88-00256-2)","/drawings/ft3w/ft3w-engine-8-2.png","/review/figures/fig-engine-8-2"
"fig-engine-8-2","Engine accessories","fp-8-2-07","7","10-108130-121","A/c compressor mounting bolts","4","4","4","0","0","1","3","0","match","false","","All expected physical instances have source-backed contours, following printed leaders and visible assembly correspondence. Existing geometry preserved.","Only with A/C option (88-00256-1) or (88-00256-2)","/drawings/ft3w/ft3w-engine-8-2.png","/review/figures/fig-engine-8-2"
"fig-engine-8-3","Engine mounts","fp-8-3-01","1","70-02236","Engine accessory support","1","1","1","0","0","1","0","0","match","false","","All expected physical instances have source-backed contours, following printed leaders and visible assembly correspondence. Existing geometry preserved.","","/drawings/ft3w/ft3w-engine-8-3.png","/review/figures/fig-engine-8-3"
"fig-engine-8-3","Engine mounts","fp-8-3-02","2","70-01785","Right front engine support","1","1","1","0","0","1","0","0","match","false","","All expected physical instances have source-backed contours, following printed leaders and visible assembly correspondence. Existing geometry preserved.","","/drawings/ft3w/ft3w-engine-8-3.png","/review/figures/fig-engine-8-3"
"fig-engine-8-3","Engine mounts","fp-8-3-03","3","39-00148","Support hydraulic","5","3","3","0","0","1","2","2","shortfall","true","Three supports are separately visible below the engine; the two additional Qty-5 supports have no exposed independently locatable contour in this view.","Three supports are separately visible below the engine; the two additional Qty-5 supports have no exposed independently locatable contour in this view.","","/drawings/ft3w/ft3w-engine-8-3.png","/review/figures/fig-engine-8-3"
"fig-engine-8-3","Engine mounts","fp-8-3-04","4","10-208016-121","Hex flanged screw din 6921 m8 x 1.25 x 16 - zinc plated - class 8.8","6","4","4","0","0","1","3","2","shortfall","true","Four M8 support-bolt heads are exposed: two at foreground support and one on each partially assembled left support. The remaining two are on obscured mounting ears.","Four M8 support-bolt heads are exposed: two at foreground support and one on each partially assembled left support. The remaining two are on obscured mounting ears.","","/drawings/ft3w/ft3w-engine-8-3.png","/review/figures/fig-engine-8-3"
"fig-engine-8-3","Engine mounts","fp-8-3-05","5","12-210000-121","M10 nut","5","3","3","0","0","1","2","2","shortfall","true","Three M8 nuts are identifiable: one detached above foreground support and two assembled at exposed support studs. Two expected mounts are not visible.","Three M8 nuts are identifiable: one detached above foreground support and two assembled at exposed support studs. Two expected mounts are not visible.","","/drawings/ft3w/ft3w-engine-8-3.png","/review/figures/fig-engine-8-3"
"fig-engine-8-3","Engine mounts","fp-8-3-06","6","10-710050-141","10-710050-141","5","3","3","0","0","1","2","2","shortfall","true","PDF page40 names reference6 DOUBLE END STUD (imported description is only part number). One detached stud plus two exposed stud ends on assembled supports are visible; two expected supports are obscured.","PDF page40 names reference6 DOUBLE END STUD (imported description is only part number). One detached stud plus two exposed stud ends on assembled supports are visible; two expected supports are obscured.","","/drawings/ft3w/ft3w-engine-8-3.png","/review/figures/fig-engine-8-3"
"fig-engine-8-3","Engine mounts","fp-8-3-07","7","10-210025-121","Hex flanged screw din 6921 m10 x 1.5 x 25 - zinc plated - class 8.8","3","3","3","0","0","1","2","0","match","false","","All expected physical instances have source-backed contours, following printed leaders and visible assembly correspondence. Existing geometry preserved.","","/drawings/ft3w/ft3w-engine-8-3.png","/review/figures/fig-engine-8-3"
"fig-engine-8-4","Exhaust","fp-8-4-01","1","32-00227","Flex pipe and turbo blanket","1","1","1","0","0","1","0","0","match","false","","All expected physical instances have source-backed contours, following printed leaders and visible assembly correspondence. Existing geometry preserved.","","/drawings/ft3w/ft3w-engine-8-4.png","/review/figures/fig-engine-8-4"
"fig-engine-8-4","Exhaust","fp-8-4-02","2","32-00203","Dpf flex pipe","1","1","1","0","0","1","0","0","match","false","","All expected physical instances have source-backed contours, following printed leaders and visible assembly correspondence. Existing geometry preserved.","","/drawings/ft3w/ft3w-engine-8-4.png","/review/figures/fig-engine-8-4"
"fig-engine-8-4","Exhaust","fp-8-4-03","3","32-00200","Exhaust pipe","1","1","1","0","0","1","0","0","match","false","","All expected physical instances have source-backed contours, following printed leaders and visible assembly correspondence. Existing geometry preserved.","","/drawings/ft3w/ft3w-engine-8-4.png","/review/figures/fig-engine-8-4"
"fig-engine-8-4","Exhaust","fp-8-4-04","4","32-00041","Band clamp","1","1","1","0","0","1","0","0","match","false","","All expected physical instances have source-backed contours, following printed leaders and visible assembly correspondence. Existing geometry preserved.","","/drawings/ft3w/ft3w-engine-8-4.png","/review/figures/fig-engine-8-4"
"fig-engine-8-4","Exhaust","fp-8-4-05","5","32-00228","Exhaust pipe blanket","1","1","1","0","0","1","0","0","match","false","","All expected physical instances have source-backed contours, following printed leaders and visible assembly correspondence. Existing geometry preserved.","","/drawings/ft3w/ft3w-engine-8-4.png","/review/figures/fig-engine-8-4"
"fig-engine-8-4","Exhaust","fp-8-4-06","6","32-00201","Exhaust cooling tip","1","1","1","0","0","1","0","0","match","false","","All expected physical instances have source-backed contours, following printed leaders and visible assembly correspondence. Existing geometry preserved.","","/drawings/ft3w/ft3w-engine-8-4.png","/review/figures/fig-engine-8-4"
"fig-engine-8-4","Exhaust","fp-8-4-07","7","32-00131","Clamp, accuseal 2-1/4"" 57 mm","1","1","1","0","0","1","0","0","match","false","","All expected physical instances have source-backed contours, following printed leaders and visible assembly correspondence. Existing geometry preserved.","","/drawings/ft3w/ft3w-engine-8-4.png","/review/figures/fig-engine-8-4"
"fig-engine-8-4","Exhaust","fp-8-4-08","8","32-00169","Dpf flange","2","2","2","0","0","1","1","0","match","false","","All expected physical instances have source-backed contours, following printed leaders and visible assembly correspondence. Existing geometry preserved.","","/drawings/ft3w/ft3w-engine-8-4.png","/review/figures/fig-engine-8-4"
"fig-engine-8-4","Exhaust","fp-8-4-09","9","32-00198","Dpf support","2","2","2","0","0","1","1","0","match","false","","All expected physical instances have source-backed contours, following printed leaders and visible assembly correspondence. Existing geometry preserved.","","/drawings/ft3w/ft3w-engine-8-4.png","/review/figures/fig-engine-8-4"
"fig-engine-8-4","Exhaust","fp-8-4-10","10","10-208016-121","Hex flanged screw din 6921 m8 x 1.25 x 16 - zinc plated - class 8.8","4","1","1","0","0","1","0","3","shortfall","true","One detached leader-10 M8 bolt is identifiable; the remaining three screws are assembled/occluded at the DPF flanges.","One detached leader-10 M8 bolt is identifiable; the remaining three screws are assembled/occluded at the DPF flanges.","","/drawings/ft3w/ft3w-engine-8-4.png","/review/figures/fig-engine-8-4"
"fig-engine-8-4","Exhaust","fp-8-4-11","11","12-208000-122","Hex flanged nut top lock din 6927 m8 x 1.25 - zinc plated - class 10","6","3","3","0","0","1","2","3","shortfall","true","Three detached M8 nuts are exposed around the DPF flanges; remaining fasteners are obscured by module/support assembly.","Three detached M8 nuts are exposed around the DPF flanges; remaining fasteners are obscured by module/support assembly.","","/drawings/ft3w/ft3w-engine-8-4.png","/review/figures/fig-engine-8-4"
"fig-engine-8-4","Exhaust","fp-8-4-12","12","12-206000-121","M6 x 1 hex flanged nut","4","2","2","0","0","1","1","2","shortfall","true","Two detached nuts are identifiable above the right support; nuts already on left support are merged with the stud end and not separately traced.","Two detached nuts are identifiable above the right support; nuts already on left support are merged with the stud end and not separately traced.","","/drawings/ft3w/ft3w-engine-8-4.png","/review/figures/fig-engine-8-4"
"fig-engine-8-4","Exhaust","fp-8-4-13","13","10-206016-122","M6 flange bolt","6","5","5","0","0","1","4","1","shortfall","true","Five identifiable bolts occupy the left/right support arrangement; the remaining sixth fastener has no separate contour.","Five identifiable bolts occupy the left/right support arrangement; the remaining sixth fastener has no separate contour.","","/drawings/ft3w/ft3w-engine-8-4.png","/review/figures/fig-engine-8-4"
"fig-engine-8-4","Exhaust","fp-8-4-14","14","19-00138","PLOTS CYLINDRIQUES TYPE A 12-25 M6 stud","4","4","4","0","0","1","3","0","match","false","","All expected physical instances have source-backed contours, following printed leaders and visible assembly correspondence. Existing geometry preserved.","","/drawings/ft3w/ft3w-engine-8-4.png","/review/figures/fig-engine-8-4"
"fig-engine-8-4","Exhaust","fp-8-4-15","15","32-00035","Dpf module","1","1","0","0","1","1","0","0","match","true","DPF module is present but covered by multiple surrounding assemblies, brackets, cables and blankets; a reliable clean component boundary cannot be isolated from this view without swallowing neighboring parts.","DPF module is present but covered by multiple surrounding assemblies, brackets, cables and blankets; a reliable clean component boundary cannot be isolated from this view without swallowing neighboring parts.","UPON REQUEST","/drawings/ft3w/ft3w-engine-8-4.png","/review/figures/fig-engine-8-4"
"fig-engine-8-4","Exhaust","fp-8-4-16","16","19-00416","Extreme-temperature vibration-damping sandwich mount with stud, orange, m8 x 1.25 mm thread, 150 lbs. capacity","2","1","1","0","0","1","0","1","shortfall","true","The view exposes one mount at the exhaust tip; the second is obscured or outside the represented end arrangement.","The view exposes one mount at the exhaust tip; the second is obscured or outside the represented end arrangement.","","/drawings/ft3w/ft3w-engine-8-4.png","/review/figures/fig-engine-8-4"
"fig-engine-8-5","Cooling pack","fp-8-5-01","1","34-00946","Radiator mount","2","1","1","0","0","1","0","1","shortfall","true","One upper bracket stack is depicted; second radiator mount is hidden behind the cooling assembly.","One upper bracket stack is depicted; second radiator mount is hidden behind the cooling assembly.","","/drawings/ft3w/ft3w-engine-8-5.png","/review/figures/fig-engine-8-5"
"fig-engine-8-5","Cooling pack","fp-8-5-02","2","19-00739","Radiator bushing support","2","1","1","0","0","1","0","1","shortfall","true","One bushing support is separately shown; its other physical mate is hidden behind cooling assembly.","One bushing support is separately shown; its other physical mate is hidden behind cooling assembly.","","/drawings/ft3w/ft3w-engine-8-5.png","/review/figures/fig-engine-8-5"
"fig-engine-8-5","Cooling pack","fp-8-5-03","3","34-00947","Upper radiator support","2","1","1","0","0","1","0","1","shortfall","true","One upper support is shown in the exploded top stack; the second has no separately identifiable silhouette.","One upper support is shown in the exploded top stack; the second has no separately identifiable silhouette.","","/drawings/ft3w/ft3w-engine-8-5.png","/review/figures/fig-engine-8-5"
"fig-engine-8-5","Cooling pack","fp-8-5-04","4","34-00781","Rad, shroud & motor support assy","1","1","0","0","1","1","0","0","match","true","Radiator/shroud assembly overlaps the separately listed fan, motor support and upper brackets; clean subcomponent separation needs source disambiguation.","Radiator/shroud assembly overlaps the separately listed fan, motor support and upper brackets; clean subcomponent separation needs source disambiguation.","ZEA, spider is 34-00562: TBD","/drawings/ft3w/ft3w-engine-8-5.png","/review/figures/fig-engine-8-5"
"fig-engine-8-5","Cooling pack","fp-8-5-05","5","34-00562","Fan motor support","1","1","0","0","1","1","0","0","match","true","Fan-motor support is visible through fan blades and radiator shroud but has interrupted overlapping boundaries; precise ownership of crossed contours remains unresolved.","Fan-motor support is visible through fan blades and radiator shroud but has interrupted overlapping boundaries; precise ownership of crossed contours remains unresolved.","","/drawings/ft3w/ft3w-engine-8-5.png","/review/figures/fig-engine-8-5"
"fig-engine-8-5","Cooling pack","fp-8-5-06","6","51-00006","Gear motor","1","1","1","0","0","1","0","0","match","false","","All expected physical instances have source-backed contours, following printed leaders and visible assembly correspondence. Existing geometry preserved.","","/drawings/ft3w/ft3w-engine-8-5.png","/review/figures/fig-engine-8-5"
"fig-engine-8-5","Cooling pack","fp-8-5-07","7","34-00581","Surge tank assembly","1","1","1","0","0","1","0","0","match","false","","All expected physical instances have source-backed contours, following printed leaders and visible assembly correspondence. Existing geometry preserved.","","/drawings/ft3w/ft3w-engine-8-5.png","/review/figures/fig-engine-8-5"
"fig-engine-8-5","Cooling pack","fp-8-5-08","8","34-00282","1-1/4'' - 1-1/2'' reducer coupler hose","1","1","1","0","0","1","0","0","match","false","","All expected physical instances have source-backed contours, following printed leaders and visible assembly correspondence. Existing geometry preserved.","","/drawings/ft3w/ft3w-engine-8-5.png","/review/figures/fig-engine-8-5"
"fig-engine-8-5","Cooling pack","fp-8-5-09","9","34-00906","Radiator inlet pipe","1","1","1","0","0","1","0","0","match","false","","All expected physical instances have source-backed contours, following printed leaders and visible assembly correspondence. Existing geometry preserved.","","/drawings/ft3w/ft3w-engine-8-5.png","/review/figures/fig-engine-8-5"
"fig-engine-8-5","Cooling pack","fp-8-5-10","10","34-00161","Silicone elbow coupler","3","3","3","0","0","1","2","0","match","false","","All expected physical instances have source-backed contours, following printed leaders and visible assembly correspondence. Existing geometry preserved.","","/drawings/ft3w/ft3w-engine-8-5.png","/review/figures/fig-engine-8-5"
"fig-engine-8-5","Cooling pack","fp-8-5-11","11","34-00907","Radiator inlet pipe","1","1","1","0","0","1","0","0","match","false","","All expected physical instances have source-backed contours, following printed leaders and visible assembly correspondence. Existing geometry preserved.","","/drawings/ft3w/ft3w-engine-8-5.png","/review/figures/fig-engine-8-5"
"fig-engine-8-5","Cooling pack","fp-8-5-12","12","34-00280","90 deg elbow reducer hose","1","1","1","0","0","1","0","0","match","false","","All expected physical instances have source-backed contours, following printed leaders and visible assembly correspondence. Existing geometry preserved.","","/drawings/ft3w/ft3w-engine-8-5.png","/review/figures/fig-engine-8-5"
"fig-engine-8-5","Cooling pack","fp-8-5-13","13","34-00908","Radiator outlet pipe","1","1","1","0","0","1","0","0","match","false","","All expected physical instances have source-backed contours, following printed leaders and visible assembly correspondence. Existing geometry preserved.","","/drawings/ft3w/ft3w-engine-8-5.png","/review/figures/fig-engine-8-5"
"fig-engine-8-5","Cooling pack","fp-8-5-14","14","34-00162","Elbow 45o","1","1","1","0","0","1","0","0","match","false","","All expected physical instances have source-backed contours, following printed leaders and visible assembly correspondence. Existing geometry preserved.","","/drawings/ft3w/ft3w-engine-8-5.png","/review/figures/fig-engine-8-5"
"fig-engine-8-5","Cooling pack","fp-8-5-15","15","34-00945","Coolant hose connector","1","1","1","0","0","1","0","0","match","false","","All expected physical instances have source-backed contours, following printed leaders and visible assembly correspondence. Existing geometry preserved.","","/drawings/ft3w/ft3w-engine-8-5.png","/review/figures/fig-engine-8-5"
"fig-engine-8-5","Cooling pack","fp-8-5-16","16","19-00081","Vibration damping clamp","4","4","4","0","0","1","3","0","match","false","","All expected physical instances have source-backed contours, following printed leaders and visible assembly correspondence. Existing geometry preserved.","","/drawings/ft3w/ft3w-engine-8-5.png","/review/figures/fig-engine-8-5"
"fig-engine-8-5","Cooling pack","fp-8-5-17","17","34-00718","Tension spring band clamp","11","9","9","0","0","1","8","2","shortfall","true","Nine distinct hose-end band clamps are traced; the overlapping pair at upper reducer8 (near620,161) cannot be separated confidently into two material silhouettes.","Nine distinct hose-end band clamps are traced; the overlapping pair at upper reducer8 (near620,161) cannot be separated confidently into two material silhouettes.","","/drawings/ft3w/ft3w-engine-8-5.png","/review/figures/fig-engine-8-5"
"fig-engine-8-5","Cooling pack","fp-8-5-18","18","34-00194","Pusher fan 17/8-8/40/pag/1hr/p .948 (4).265 1.575","1","1","0","0","1","1","0","0","match","true","Pusher fan is visible inside shroud with blades partly hidden by support and drive assembly; incomplete silhouette withheld pending exact blade ownership tracing.","Pusher fan is visible inside shroud with blades partly hidden by support and drive assembly; incomplete silhouette withheld pending exact blade ownership tracing.","","/drawings/ft3w/ft3w-engine-8-5.png","/review/figures/fig-engine-8-5"
"fig-engine-8-5","Cooling pack","fp-8-5-19","","52-00103","Fan relief","1","0","0","0","0","0","0","1","unmapped","true","Source parts-list remark explicitly says NOT SHOWN. No physical contour fabricated.","Source parts-list remark explicitly says NOT SHOWN. No physical contour fabricated.","NOT SHOWN","/drawings/ft3w/ft3w-engine-8-5.png","/review/figures/fig-engine-8-5"
"fig-engine-8-6","Air to air cooler","fp-8-6-01","1","34-00631","Cac, shroud & fans assembly","1","1","1","0","0","1","0","0","match","false","","All expected physical instances have source-backed contours, following printed leaders and visible assembly correspondence. Existing geometry preserved.","","/drawings/ft3w/ft3w-engine-8-6.png","/review/figures/fig-engine-8-6"
"fig-engine-8-6","Air to air cooler","fp-8-6-02","2","36-00161","09d elbow","1","1","1","0","0","1","0","0","match","false","","All expected physical instances have source-backed contours, following printed leaders and visible assembly correspondence. Existing geometry preserved.","","/drawings/ft3w/ft3w-engine-8-6.png","/review/figures/fig-engine-8-6"
"fig-engine-8-6","Air to air cooler","fp-8-6-03","3","34-00547","Charge air cooler outlet pipe","1","1","1","0","0","1","0","0","match","false","","All expected physical instances have source-backed contours, following printed leaders and visible assembly correspondence. Existing geometry preserved.","","/drawings/ft3w/ft3w-engine-8-6.png","/review/figures/fig-engine-8-6"
"fig-engine-8-6","Air to air cooler","fp-8-6-04","4","34-00910","Charge air return","1","1","1","0","0","1","0","0","match","false","","All expected physical instances have source-backed contours, following printed leaders and visible assembly correspondence. Existing geometry preserved.","","/drawings/ft3w/ft3w-engine-8-6.png","/review/figures/fig-engine-8-6"
"fig-engine-8-6","Air to air cooler","fp-8-6-05","5","34-00160","90 deg elbow coupler hose","2","2","2","0","0","1","1","0","match","false","","All expected physical instances have source-backed contours, following printed leaders and visible assembly correspondence. Existing geometry preserved.","","/drawings/ft3w/ft3w-engine-8-6.png","/review/figures/fig-engine-8-6"
"fig-engine-8-6","Air to air cooler","fp-8-6-06","6","34-00909","Charge air return","1","1","1","0","0","1","0","0","match","false","","All expected physical instances have source-backed contours, following printed leaders and visible assembly correspondence. Existing geometry preserved.","","/drawings/ft3w/ft3w-engine-8-6.png","/review/figures/fig-engine-8-6"
"fig-engine-8-6","Air to air cooler","fp-8-6-07","7","34-00801","Charge air supply","1","1","1","0","0","1","0","0","match","false","","All expected physical instances have source-backed contours, following printed leaders and visible assembly correspondence. Existing geometry preserved.","","/drawings/ft3w/ft3w-engine-8-6.png","/review/figures/fig-engine-8-6"
"fig-engine-8-6","Air to air cooler","fp-8-6-08","8","34-00697","Charge air supply","1","1","1","0","0","1","0","0","match","false","","All expected physical instances have source-backed contours, following printed leaders and visible assembly correspondence. Existing geometry preserved.","","/drawings/ft3w/ft3w-engine-8-6.png","/review/figures/fig-engine-8-6"
"fig-engine-8-6","Air to air cooler","fp-8-6-09","9","34-00548","Charge air cooler outlet pipe","1","1","1","0","0","1","0","0","match","false","","All expected physical instances have source-backed contours, following printed leaders and visible assembly correspondence. Existing geometry preserved.","","/drawings/ft3w/ft3w-engine-8-6.png","/review/figures/fig-engine-8-6"
"fig-engine-8-6","Air to air cooler","fp-8-6-10","10","34-00098","2'' x 4'' lg. hose","1","1","1","0","0","1","0","0","match","false","","All expected physical instances have source-backed contours, following printed leaders and visible assembly correspondence. Existing geometry preserved.","","/drawings/ft3w/ft3w-engine-8-6.png","/review/figures/fig-engine-8-6"
"fig-engine-8-6","Air to air cooler","fp-8-6-11","11","34-00578","2'' - 2-1/2'' reducer coupler hose","2","2","2","0","0","1","1","0","match","false","","All expected physical instances have source-backed contours, following printed leaders and visible assembly correspondence. Existing geometry preserved.","","/drawings/ft3w/ft3w-engine-8-6.png","/review/figures/fig-engine-8-6"
"fig-engine-8-6","Air to air cooler","fp-8-6-12","12","34-00579","1-3/4'' - 2'' reducer coupler hose","2","2","2","0","0","1","1","0","match","false","","All expected physical instances have source-backed contours, following printed leaders and visible assembly correspondence. Existing geometry preserved.","","/drawings/ft3w/ft3w-engine-8-6.png","/review/figures/fig-engine-8-6"
"fig-engine-8-6","Air to air cooler","fp-8-6-13","13","34-00650","Silicone straight reducer coupler hose","1","1","1","0","0","1","0","0","match","false","","All expected physical instances have source-backed contours, following printed leaders and visible assembly correspondence. Existing geometry preserved.","","/drawings/ft3w/ft3w-engine-8-6.png","/review/figures/fig-engine-8-6"
"fig-engine-8-6","Air to air cooler","fp-8-6-14","14","34-00649","Silicone coupler","1","1","1","0","0","1","0","0","match","false","","All expected physical instances have source-backed contours, following printed leaders and visible assembly correspondence. Existing geometry preserved.","","/drawings/ft3w/ft3w-engine-8-6.png","/review/figures/fig-engine-8-6"
"fig-engine-8-6","Air to air cooler","fp-8-6-15","15","19-00712","Hose/tube seal clamp 1-5/8"" to 1-7/8""","1","1","1","0","0","1","0","0","match","false","","All expected physical instances have source-backed contours, following printed leaders and visible assembly correspondence. Existing geometry preserved.","","/drawings/ft3w/ft3w-engine-8-6.png","/review/figures/fig-engine-8-6"
"fig-engine-8-6","Air to air cooler","fp-8-6-16","16","19-00099","Vibration damping loop clamp","1","1","1","0","0","1","0","0","match","false","","All expected physical instances have source-backed contours, following printed leaders and visible assembly correspondence. Existing geometry preserved.","","/drawings/ft3w/ft3w-engine-8-6.png","/review/figures/fig-engine-8-6"
"fig-engine-8-6","Air to air cooler","fp-8-6-17","17","19-00235","Vibration damping clamp","3","2","2","0","0","1","1","1","shortfall","true","Two separately identifiable support clamps are exposed along supply pipe 7; a third cannot be located independently.","Two separately identifiable support clamps are exposed along supply pipe 7; a third cannot be located independently.","","/drawings/ft3w/ft3w-engine-8-6.png","/review/figures/fig-engine-8-6"
"fig-engine-8-6","Air to air cooler","fp-8-6-18","18","39-00047","Hose clamp","9","5","5","0","0","1","4","4","shortfall","true","Five clear ring clamps are exposed on right hose branches. Four other expected bands overlap coupling lips and clamps19/20, so their row identity remains unresolved.","Five clear ring clamps are exposed on right hose branches. Four other expected bands overlap coupling lips and clamps19/20, so their row identity remains unresolved.","","/drawings/ft3w/ft3w-engine-8-6.png","/review/figures/fig-engine-8-6"
"fig-engine-8-6","Air to air cooler","fp-8-6-19","19","35-00096","Stainless steel bolt clamp","2","1","1","0","0","1","0","1","shortfall","true","One detached leader19 ring is unambiguous. Its expected mate overlaps the upper coupling and neighboring reference20 clamp; no safe separated contour.","One detached leader19 ring is unambiguous. Its expected mate overlaps the upper coupling and neighboring reference20 clamp; no safe separated contour.","","/drawings/ft3w/ft3w-engine-8-6.png","/review/figures/fig-engine-8-6"
"fig-engine-8-6","Air to air cooler","fp-8-6-20","20","35-00092","Stainless steel bolt clamp 2-3/16"" to 2-1/1""","7","1","1","0","0","1","0","6","shortfall","true","One leader20 clamp at lower cooler outlet is unambiguous. Six further expected bands overlap couplings and mixed-diameter clamp19/18 rings; identities not assigned by appearance alone.","One leader20 clamp at lower cooler outlet is unambiguous. Six further expected bands overlap couplings and mixed-diameter clamp19/18 rings; identities not assigned by appearance alone.","","/drawings/ft3w/ft3w-engine-8-6.png","/review/figures/fig-engine-8-6"
"fig-engine-8-6","Air to air cooler","fp-8-6-21","21","10-208030-121","Hex flanged screw din 6921 m8 x 1.25 x 30 - zinc plated - class 8.8","4","4","4","0","0","1","3","0","match","false","","Only fastener heads within overlapping cooler mount stacks are visible; exact separation from washers/studs is unresolved, so no guessed screw outlines.","","/drawings/ft3w/ft3w-engine-8-6.png","/review/figures/fig-engine-8-6"
"fig-engine-8-6","Air to air cooler","fp-8-6-22","22","19-00473","Rubber mount","4","4","4","0","0","1","3","0","match","false","","All expected physical instances have source-backed contours, following printed leaders and visible assembly correspondence. Existing geometry preserved.","","/drawings/ft3w/ft3w-engine-8-6.png","/review/figures/fig-engine-8-6"
"fig-engine-8-6","Air to air cooler","fp-8-6-23","23","19-00474","Washer","8","2","2","0","0","1","1","6","shortfall","true","Two central washers are separately exploded and traced. Six washers on three assembled mount stacks merge with mount/bolt edges; their exact material boundary is unresolved.","Two central washers are separately exploded and traced. Six washers on three assembled mount stacks merge with mount/bolt edges; their exact material boundary is unresolved.","","/drawings/ft3w/ft3w-engine-8-6.png","/review/figures/fig-engine-8-6"
"fig-engine-8-6","Air to air cooler","fp-8-6-24","24","54-00793","Drain plug","1","1","1","0","0","1","0","0","match","false","","All expected physical instances have source-backed contours, following printed leaders and visible assembly correspondence. Existing geometry preserved.","","/drawings/ft3w/ft3w-engine-8-6.png","/review/figures/fig-engine-8-6"
"fig-engine-8-6","Air to air cooler","fp-8-6-25","","34-00540","BRUSHLESS FAN -12 IN. 12v WITH MALE AND FEMALE CONNECTORS","2","0","0","0","0","0","0","2","unmapped","true","Source parts-list remark explicitly says NOT SHOWN. No physical contour fabricated.","Source parts-list remark explicitly says NOT SHOWN. No physical contour fabricated.","NOT SHOWN","/drawings/ft3w/ft3w-engine-8-6.png","/review/figures/fig-engine-8-6"
"fig-fuel-system-9-1","Fuel & hydraulic oil tank system","fp-9-1-01","1","35-00007","Fuel cap","1","1","1","0","0","1","0","0","match","false","","All expected physical instances have source-backed contours, following printed leaders and visible assembly correspondence. Existing geometry preserved.","","/drawings/ft3w/ft3w-fuel-system-9-1.png","/review/figures/fig-fuel-system-9-1"
"fig-fuel-system-9-1","Fuel & hydraulic oil tank system","fp-9-1-02","2","31-00442","Fuel neck","1","1","1","0","0","1","0","0","match","false","","All expected physical instances have source-backed contours, following printed leaders and visible assembly correspondence. Existing geometry preserved.","","/drawings/ft3w/ft3w-fuel-system-9-1.png","/review/figures/fig-fuel-system-9-1"
"fig-fuel-system-9-1","Fuel & hydraulic oil tank system","fp-9-1-03","3","53-00101","Tank connection cover","1","1","1","0","0","1","0","0","match","false","","All expected physical instances have source-backed contours, following printed leaders and visible assembly correspondence. Existing geometry preserved.","","/drawings/ft3w/ft3w-fuel-system-9-1.png","/review/figures/fig-fuel-system-9-1"
"fig-fuel-system-9-1","Fuel & hydraulic oil tank system","fp-9-1-04","4","31-00394","Level sender","2","2","2","0","0","1","1","0","match","false","","All expected physical instances have source-backed contours, following printed leaders and visible assembly correspondence. Existing geometry preserved.","","/drawings/ft3w/ft3w-fuel-system-9-1.png","/review/figures/fig-fuel-system-9-1"
"fig-fuel-system-9-1","Fuel & hydraulic oil tank system","fp-9-1-05","5","31-00422","Fuel sender tube","2","2","2","0","0","1","1","0","match","false","","All expected physical instances have source-backed contours, following printed leaders and visible assembly correspondence. Existing geometry preserved.","","/drawings/ft3w/ft3w-fuel-system-9-1.png","/review/figures/fig-fuel-system-9-1"
"fig-fuel-system-9-1","Fuel & hydraulic oil tank system","fp-9-1-06","6","31-00379","Oil/fuel tank","1","1","1","0","0","1","0","0","match","false","","All expected physical instances have source-backed contours, following printed leaders and visible assembly correspondence. Existing geometry preserved.","","/drawings/ft3w/ft3w-fuel-system-9-1.png","/review/figures/fig-fuel-system-9-1"
"fig-fuel-system-9-1","Fuel & hydraulic oil tank system","fp-9-1-07","7","53-00102","Tank vent valve","2","2","2","0","0","1","1","0","match","false","","All expected physical instances have source-backed contours, following printed leaders and visible assembly correspondence. Existing geometry preserved.","","/drawings/ft3w/ft3w-fuel-system-9-1.png","/review/figures/fig-fuel-system-9-1"
"fig-fuel-system-9-1","Fuel & hydraulic oil tank system","fp-9-1-08","8","31-00417","1-1/2"" fuel fill hose","1","1","1","0","0","1","0","0","match","false","","All expected physical instances have source-backed contours, following printed leaders and visible assembly correspondence. Existing geometry preserved.","","/drawings/ft3w/ft3w-fuel-system-9-1.png","/review/figures/fig-fuel-system-9-1"
"fig-fuel-system-9-1","Fuel & hydraulic oil tank system","fp-9-1-09","9","31-00047","Fuel hose 3/4","1","1","1","0","0","1","0","0","match","false","","All expected physical instances have source-backed contours, following printed leaders and visible assembly correspondence. Existing geometry preserved.","","/drawings/ft3w/ft3w-fuel-system-9-1.png","/review/figures/fig-fuel-system-9-1"
"fig-fuel-system-9-1","Fuel & hydraulic oil tank system","fp-9-1-10","10","54-00980","Hyd. fitting plug","2","2","2","0","0","1","1","0","match","false","","All expected physical instances have source-backed contours, following printed leaders and visible assembly correspondence. Existing geometry preserved.","","/drawings/ft3w/ft3w-fuel-system-9-1.png","/review/figures/fig-fuel-system-9-1"
"fig-fuel-system-9-1","Fuel & hydraulic oil tank system","fp-9-1-11","11","54-00968","Hyd. fitting","4","4","4","0","0","1","3","0","match","false","","All expected physical instances have source-backed contours, following printed leaders and visible assembly correspondence. Existing geometry preserved.","","/drawings/ft3w/ft3w-fuel-system-9-1.png","/review/figures/fig-fuel-system-9-1"
"fig-fuel-system-9-1","Fuel & hydraulic oil tank system","fp-9-1-12","12","53-00113","Oil cooler return fitting","2","2","2","0","0","1","1","0","match","false","","All expected physical instances have source-backed contours, following printed leaders and visible assembly correspondence. Existing geometry preserved.","","/drawings/ft3w/ft3w-fuel-system-9-1.png","/review/figures/fig-fuel-system-9-1"
"fig-fuel-system-9-1","Fuel & hydraulic oil tank system","fp-9-1-13","13","54-00978","Hyd. fitting plug","1","1","1","0","0","1","0","0","match","false","","All expected physical instances have source-backed contours, following printed leaders and visible assembly correspondence. Existing geometry preserved.","","/drawings/ft3w/ft3w-fuel-system-9-1.png","/review/figures/fig-fuel-system-9-1"
"fig-fuel-system-9-1","Fuel & hydraulic oil tank system","fp-9-1-14","14","54-00979","Hyd. fitting plug","1","1","1","0","0","1","0","0","match","false","","All expected physical instances have source-backed contours, following printed leaders and visible assembly correspondence. Existing geometry preserved.","","/drawings/ft3w/ft3w-fuel-system-9-1.png","/review/figures/fig-fuel-system-9-1"
"fig-fuel-system-9-1","Fuel & hydraulic oil tank system","fp-9-1-15","15","53-00032","Temperature sensor","1","1","1","0","0","1","0","0","match","false","","All expected physical instances have source-backed contours, following printed leaders and visible assembly correspondence. Existing geometry preserved.","","/drawings/ft3w/ft3w-fuel-system-9-1.png","/review/figures/fig-fuel-system-9-1"
"fig-fuel-system-9-1","Fuel & hydraulic oil tank system","fp-9-1-16","16","54-01350","45 deg hyd. fitting","2","2","2","0","0","1","1","0","match","false","","All expected physical instances have source-backed contours, following printed leaders and visible assembly correspondence. Existing geometry preserved.","","/drawings/ft3w/ft3w-fuel-system-9-1.png","/review/figures/fig-fuel-system-9-1"
"fig-fuel-system-9-1","Fuel & hydraulic oil tank system","fp-9-1-17","17","19-00532","Cylindriques amc mecanocaucho plots","4","4","4","0","0","1","3","0","match","false","","All expected physical instances have source-backed contours, following printed leaders and visible assembly correspondence. Existing geometry preserved.","","/drawings/ft3w/ft3w-fuel-system-9-1.png","/review/figures/fig-fuel-system-9-1"
"fig-fuel-system-9-1","Fuel & hydraulic oil tank system","fp-9-1-18","18","39-00015","20-32/12 hose clamp","2","2","2","0","0","1","1","0","match","false","","All expected physical instances have source-backed contours, following printed leaders and visible assembly correspondence. Existing geometry preserved.","","/drawings/ft3w/ft3w-fuel-system-9-1.png","/review/figures/fig-fuel-system-9-1"
"fig-fuel-system-9-1","Fuel & hydraulic oil tank system","fp-9-1-19","19","39-00016","Hose clamp 35-50/12","3","2","2","0","0","1","1","1","shortfall","true","Two large fill-hose clamps are separately visible at opposite hose ends. The third Qty-3 clamp is not separately depicted.","Two large fill-hose clamps are separately visible at opposite hose ends. The third Qty-3 clamp is not separately depicted.","","/drawings/ft3w/ft3w-fuel-system-9-1.png","/review/figures/fig-fuel-system-9-1"
"fig-fuel-system-9-1","Fuel & hydraulic oil tank system","fp-9-1-20","20","10-305025-123","M5 bolt","10","1","0","0","1","1","0","9","shortfall","true","Sender-head screw circles are small and overlap their flange outlines; ten M5 screws cannot be individually outlined with trustworthy material separation at source resolution.","Sender-head screw circles are small and overlap their flange outlines; ten M5 screws cannot be individually outlined with trustworthy material separation at source resolution.","","/drawings/ft3w/ft3w-fuel-system-9-1.png","/review/figures/fig-fuel-system-9-1"
"fig-fuel-system-9-1","Fuel & hydraulic oil tank system","fp-9-1-21","21","10-206016-121","Hex flanged screw din 6921 m6 x 1.0 x 16 - zinc plated - class 8.8","4","4","4","0","0","1","3","0","match","false","","All expected physical instances have source-backed contours, following printed leaders and visible assembly correspondence. Existing geometry preserved.","","/drawings/ft3w/ft3w-fuel-system-9-1.png","/review/figures/fig-fuel-system-9-1"
"fig-fuel-system-9-1","Fuel & hydraulic oil tank system","fp-9-1-22","22","39-00019","14mm HOSE CLAMP","3","3","3","0","0","1","2","0","match","false","","All expected physical instances have source-backed contours, following printed leaders and visible assembly correspondence. Existing geometry preserved.","","/drawings/ft3w/ft3w-fuel-system-9-1.png","/review/figures/fig-fuel-system-9-1"
"fig-fuel-system-9-1","Fuel & hydraulic oil tank system","fp-9-1-23","","89-00141","Heat probe 8'' insert (webasto)","1","0","0","0","0","0","0","1","unmapped","true","Source parts-list remark explicitly says (NOT SHOWN) FOR WEBASTO HEATER OPTION. No physical contour fabricated.","Source parts-list remark explicitly says (NOT SHOWN) FOR WEBASTO HEATER OPTION. No physical contour fabricated.","(NOT SHOWN) FOR WEBASTO HEATER OPTION","/drawings/ft3w/ft3w-fuel-system-9-1.png","/review/figures/fig-fuel-system-9-1"
"fig-tire-inflation-10-1","Tire inflation system","fp-10-1-01","1","36-00058","Solenoid valve 3/4"", 12v dc, normally closed","1","1","1","0","0","1","0","0","match","false","","All expected physical instances have source-backed contours, following printed leaders and visible assembly correspondence. Existing geometry preserved.","PURGE VALVE","/drawings/ft3w/ft3w-tire-inflation-10-1.png","/review/figures/fig-tire-inflation-10-1"
"fig-tire-inflation-10-1","Tire inflation system","fp-10-1-02","2","36-00332","Tire inflation manifold","1","1","1","0","0","1","0","0","match","false","","All expected physical instances have source-backed contours, following printed leaders and visible assembly correspondence. Existing geometry preserved.","","/drawings/ft3w/ft3w-tire-inflation-10-1.png","/review/figures/fig-tire-inflation-10-1"
"fig-tire-inflation-10-1","Tire inflation system","fp-10-1-03","3","36-00136","Fitting","1","1","1","0","0","1","0","0","match","false","","All expected physical instances have source-backed contours, following printed leaders and visible assembly correspondence. Existing geometry preserved.","","/drawings/ft3w/ft3w-tire-inflation-10-1.png","/review/figures/fig-tire-inflation-10-1"
"fig-tire-inflation-10-1","Tire inflation system","fp-10-1-04","4","36-00083","Tire air pressure hose","1","1","1","0","0","1","0","0","match","false","","All expected physical instances have source-backed contours, following printed leaders and visible assembly correspondence. Existing geometry preserved.","","/drawings/ft3w/ft3w-tire-inflation-10-1.png","/review/figures/fig-tire-inflation-10-1"
"fig-tire-inflation-10-1","Tire inflation system","fp-10-1-05","5","36-00335","90 deg thread to hose barb","1","1","1","0","0","1","0","0","match","false","","All expected physical instances have source-backed contours, following printed leaders and visible assembly correspondence. Existing geometry preserved.","","/drawings/ft3w/ft3w-tire-inflation-10-1.png","/review/figures/fig-tire-inflation-10-1"
"fig-tire-inflation-10-1","Tire inflation system","fp-10-1-06","6","36-00199","1-1/4"" npt check valve","1","1","1","0","0","1","0","0","match","false","","All expected physical instances have source-backed contours, following printed leaders and visible assembly correspondence. Existing geometry preserved.","","/drawings/ft3w/ft3w-tire-inflation-10-1.png","/review/figures/fig-tire-inflation-10-1"
"fig-tire-inflation-10-1","Tire inflation system","fp-10-1-07","7","36-00294","Threaded pipe nipple","1","1","1","0","0","1","0","0","match","false","","All expected physical instances have source-backed contours, following printed leaders and visible assembly correspondence. Existing geometry preserved.","","/drawings/ft3w/ft3w-tire-inflation-10-1.png","/review/figures/fig-tire-inflation-10-1"
"fig-tire-inflation-10-1","Tire inflation system","fp-10-1-08","8","36-00070","Air pressure sensor 0-15 psi g 1/8 npt 0-4.5v, connector deutsch 4 pin","1","1","1","0","0","1","0","0","match","false","","All expected physical instances have source-backed contours, following printed leaders and visible assembly correspondence. Existing geometry preserved.","","/drawings/ft3w/ft3w-tire-inflation-10-1.png","/review/figures/fig-tire-inflation-10-1"
"fig-tire-inflation-10-1","Tire inflation system","fp-10-1-09","9","31-00368","Brass barbed hose fitting","1","1","1","0","0","1","0","0","match","false","","All expected physical instances have source-backed contours, following printed leaders and visible assembly correspondence. Existing geometry preserved.","","/drawings/ft3w/ft3w-tire-inflation-10-1.png","/review/figures/fig-tire-inflation-10-1"
"fig-tire-inflation-10-1","Tire inflation system","fp-10-1-10","10","39-00019","14mm HOSE CLAMP","2","2","2","0","0","1","1","0","match","false","","All expected physical instances have source-backed contours, following printed leaders and visible assembly correspondence. Existing geometry preserved.","","/drawings/ft3w/ft3w-tire-inflation-10-1.png","/review/figures/fig-tire-inflation-10-1"
"fig-tire-inflation-10-1","Tire inflation system","fp-10-1-11","11","39-00042","NORMA CLAMP TORRO 16-27/9 CLAMPING RANGE 5/8- 1 1/16 WIGTH 9mm","5","5","5","0","0","1","4","0","match","false","","All expected physical instances have source-backed contours, following printed leaders and visible assembly correspondence. Existing geometry preserved.","","/drawings/ft3w/ft3w-tire-inflation-10-1.png","/review/figures/fig-tire-inflation-10-1"
"fig-tire-inflation-10-1","Tire inflation system","fp-10-1-12","12","39-00047","Hose clamp","1","1","1","0","0","1","0","0","match","false","","All expected physical instances have source-backed contours, following printed leaders and visible assembly correspondence. Existing geometry preserved.","","/drawings/ft3w/ft3w-tire-inflation-10-1.png","/review/figures/fig-tire-inflation-10-1"
"fig-tire-inflation-10-1","Tire inflation system","fp-10-1-13","13","19-00193","Air release valve clamp","1","1","1","0","0","1","0","0","match","false","","All expected physical instances have source-backed contours, following printed leaders and visible assembly correspondence. Existing geometry preserved.","","/drawings/ft3w/ft3w-tire-inflation-10-1.png","/review/figures/fig-tire-inflation-10-1"
"fig-tire-inflation-10-1","Tire inflation system","fp-10-1-14","14","10-206030-121","Hex flanged screw din 6921 m6 x 1.0 x 30 - zinc plated - class 8.8","1","1","1","0","0","1","0","0","match","false","","All expected physical instances have source-backed contours, following printed leaders and visible assembly correspondence. Existing geometry preserved.","","/drawings/ft3w/ft3w-tire-inflation-10-1.png","/review/figures/fig-tire-inflation-10-1"
"fig-tire-inflation-10-2","Blower","fp-10-2-01","1","36-00283","Blower pipe","1","1","1","0","0","1","0","0","match","false","","All expected physical instances have source-backed contours, following printed leaders and visible assembly correspondence. Existing geometry preserved.","","/drawings/ft3w/ft3w-tire-inflation-10-2.png","/review/figures/fig-tire-inflation-10-2"
"fig-tire-inflation-10-2","Blower","fp-10-2-02","2","19-00048","LOCTITE SI 598 BLACK HIGH PERFORMANCE RTV SILICONE GASKET MAKER 300ml","2","1","0","0","1","1","0","1","shortfall","true","PDF/table describes liquid RTV silicone gasket maker (Qty 2 applications); two drawn gasket-shaped interfaces represent sealing locations, not two identifiable physical cartridges. Marker-only location preserved.","PDF/table describes liquid RTV silicone gasket maker (Qty 2 applications); two drawn gasket-shaped interfaces represent sealing locations, not two identifiable physical cartridges. Marker-only location preserved.","","/drawings/ft3w/ft3w-tire-inflation-10-2.png","/review/figures/fig-tire-inflation-10-2"
"fig-tire-inflation-10-2","Blower","fp-10-2-03","3","36-00259","Blower tx04","1","1","1","0","0","1","0","0","match","false","","All expected physical instances have source-backed contours, following printed leaders and visible assembly correspondence. Existing geometry preserved.","","/drawings/ft3w/ft3w-tire-inflation-10-2.png","/review/figures/fig-tire-inflation-10-2"
"fig-tire-inflation-10-2","Blower","fp-10-2-04","4","36-00315","Blower intake","1","1","1","0","0","1","0","0","match","false","","All expected physical instances have source-backed contours, following printed leaders and visible assembly correspondence. Existing geometry preserved.","","/drawings/ft3w/ft3w-tire-inflation-10-2.png","/review/figures/fig-tire-inflation-10-2"
"fig-tire-inflation-10-2","Blower","fp-10-2-05","5","36-00304","Air filter element, powersports, round taper, clamp-on, cotton gauze, oiled, red, 6.00 in. od, 3.00 in. id, 3.00 in. tall, rubber cap, each","1","1","1","0","0","1","0","0","match","false","","All expected physical instances have source-backed contours, following printed leaders and visible assembly correspondence. Existing geometry preserved.","","/drawings/ft3w/ft3w-tire-inflation-10-2.png","/review/figures/fig-tire-inflation-10-2"
"fig-tire-inflation-10-2","Blower","fp-10-2-06","6","36-00115","Pressure relief valve 3/4 npt 12 psi","1","1","1","0","0","1","0","0","match","false","","All expected physical instances have source-backed contours, following printed leaders and visible assembly correspondence. Existing geometry preserved.","","/drawings/ft3w/ft3w-tire-inflation-10-2.png","/review/figures/fig-tire-inflation-10-2"
"fig-tire-inflation-10-2","Blower","fp-10-2-07","7","10-206012-121","Hex flanged screw din 6921 m6 x 1.0 x 12 - zinc plated - class 8.8","8","8","8","0","0","1","7","0","match","false","","All expected physical instances have source-backed contours, following printed leaders and visible assembly correspondence. Existing geometry preserved.","","/drawings/ft3w/ft3w-tire-inflation-10-2.png","/review/figures/fig-tire-inflation-10-2"
"fig-tire-inflation-10-2","Blower","fp-10-2-08","8","12-210000-121","M10 nut","2","2","2","0","0","1","1","0","match","false","","All expected physical instances have source-backed contours, following printed leaders and visible assembly correspondence. Existing geometry preserved.","","/drawings/ft3w/ft3w-tire-inflation-10-2.png","/review/figures/fig-tire-inflation-10-2"
"fig-tire-inflation-10-2","Blower","fp-10-2-09","9","10-110110-121","Hex screw din 931 m10 x 1.5 x 110 - zinc plated - class 8.8","2","2","2","0","0","1","1","0","match","false","","All expected physical instances have source-backed contours, following printed leaders and visible assembly correspondence. Existing geometry preserved.","","/drawings/ft3w/ft3w-tire-inflation-10-2.png","/review/figures/fig-tire-inflation-10-2"
"fig-electric-11-1","Console electrical systems","fp-11-1-01","1","41-00022","Display dm430e / 11 keys [dm430e-0-0-1-0]","1","1","1","0","0","1","0","0","match","false","","All expected physical instances have source-backed contours, following printed leaders and visible assembly correspondence. Existing geometry preserved.","","/drawings/ft3w/ft3w-electric-11-1.png","/review/figures/fig-electric-11-1"
"fig-electric-11-1","Console electrical systems","fp-11-1-02","2","41-00023","JOYSTICK DANFOSS JS1000 / 250kbps","1","1","1","0","0","1","0","0","match","false","","All expected physical instances have source-backed contours, following printed leaders and visible assembly correspondence. Existing geometry preserved.","","/drawings/ft3w/ft3w-electric-11-1.png","/review/figures/fig-electric-11-1"
"fig-electric-11-1","Console electrical systems","fp-11-1-03","3","40-00032","Emergency stop switch","1","1","1","0","0","1","0","0","match","false","","All expected physical instances have source-backed contours, following printed leaders and visible assembly correspondence. Existing geometry preserved.","","/drawings/ft3w/ft3w-electric-11-1.png","/review/figures/fig-electric-11-1"
"fig-electric-11-1","Console electrical systems","fp-11-1-04","4","40-00002","Ignition switch","1","1","1","0","0","1","0","0","match","false","","All expected physical instances have source-backed contours, following printed leaders and visible assembly correspondence. Existing geometry preserved.","","/drawings/ft3w/ft3w-electric-11-1.png","/review/figures/fig-electric-11-1"
"fig-electric-11-1","Console electrical systems","fp-11-1-05","5","49-00013","Dual usb port and 12v connector accessory","1","1","1","0","0","1","0","0","match","false","","All expected physical instances have source-backed contours, following printed leaders and visible assembly correspondence. Existing geometry preserved.","","/drawings/ft3w/ft3w-electric-11-1.png","/review/figures/fig-electric-11-1"
"fig-electric-11-1","Console electrical systems","fp-11-1-06","6","47-00007","3pos receptacle panel mount","1","1","1","0","0","1","0","0","match","false","","All expected physical instances have source-backed contours, following printed leaders and visible assembly correspondence. Existing geometry preserved.","","/drawings/ft3w/ft3w-electric-11-1.png","/review/figures/fig-electric-11-1"
"fig-electric-11-1","Console electrical systems","fp-11-1-07","7","68-00122","Heater 12 volt","1","1","1","0","0","1","0","0","match","false","","All expected physical instances have source-backed contours, following printed leaders and visible assembly correspondence. Existing geometry preserved.","","/drawings/ft3w/ft3w-electric-11-1.png","/review/figures/fig-electric-11-1"
"fig-electric-11-1","Console electrical systems","fp-11-1-08","8","40-00047","Rocker switch spdt","1","1","1","0","0","1","0","0","match","false","","All expected physical instances have source-backed contours, following printed leaders and visible assembly correspondence. Existing geometry preserved.","","/drawings/ft3w/ft3w-electric-11-1.png","/review/figures/fig-electric-11-1"
"fig-electric-11-1","Console electrical systems","fp-11-1-09","9","40-00004","Switch battery power disconnect","1","1","1","0","0","1","0","0","match","false","","All expected physical instances have source-backed contours, following printed leaders and visible assembly correspondence. Existing geometry preserved.","","/drawings/ft3w/ft3w-electric-11-1.png","/review/figures/fig-electric-11-1"
"fig-electric-11-1","Console electrical systems","fp-11-1-10","","40-00037","Yellow dome switch","1","0","0","0","0","0","0","1","unmapped","true","Source parts-list remark explicitly says HORN BUTTON (NOT SHOWN). No physical contour fabricated.","Source parts-list remark explicitly says HORN BUTTON (NOT SHOWN). No physical contour fabricated.","HORN BUTTON (NOT SHOWN)","/drawings/ft3w/ft3w-electric-11-1.png","/review/figures/fig-electric-11-1"
"fig-electric-11-2","Overhead controls","fp-11-2-01","1","89-00193","Webasto control dial","1","1","1","0","0","1","0","0","match","false","","All expected physical instances have source-backed contours, following printed leaders and visible assembly correspondence. Existing geometry preserved.","REPLACEMENT PART WEBASTO OPTION (88-00146)","/drawings/ft3w/ft3w-electric-11-2.png","/review/figures/fig-electric-11-2"
"fig-electric-11-2","Overhead controls","fp-11-2-02","2","40-00011","Hole plug for v-series bk","4","4","4","0","0","1","3","0","match","false","","All expected physical instances have source-backed contours, following printed leaders and visible assembly correspondence. Existing geometry preserved.","","/drawings/ft3w/ft3w-electric-11-2.png","/review/figures/fig-electric-11-2"
"fig-electric-11-2","Overhead controls","fp-11-2-03","3","40-00047","Rocker switch spdt","2","1","1","0","0","1","0","1","shortfall","true","Four rocker-shaped controls are drawn in a 2x2 group, but PDF page49 row3 Qty2 identifies only dome-light switches. The leader targets top-left; no evidence distinguishes which other control is the second dome-light switch. Existing one retained, others withheld.","Four rocker-shaped controls are drawn in a 2x2 group, but PDF page49 row3 Qty2 identifies only dome-light switches. The leader targets top-left; no evidence distinguishes which other control is the second dome-light switch. Existing one retained, others withheld.","DOME LIGHT","/drawings/ft3w/ft3w-electric-11-2.png","/review/figures/fig-electric-11-2"
"fig-electric-11-2","Overhead controls","fp-11-2-04","4","84-00311","A/c dial controller","1","1","1","0","0","1","0","0","match","false","","All expected physical instances have source-backed contours, following printed leaders and visible assembly correspondence. Existing geometry preserved.","A/C OPTION (88-00256)","/drawings/ft3w/ft3w-electric-11-2.png","/review/figures/fig-electric-11-2"
"fig-electric-11-2","Overhead controls","fp-11-2-05","5","41-00080","Keypad 15 buttons","1","1","1","0","0","1","0","0","match","false","","All expected physical instances have source-backed contours, following printed leaders and visible assembly correspondence. Existing geometry preserved.","","/drawings/ft3w/ft3w-electric-11-2.png","/review/figures/fig-electric-11-2"
"fig-electric-11-2","Overhead controls","fp-11-2-06","6","68-00032","Heater panel control assy (rd-1-3662-0p)","1","1","1","0","0","1","0","0","match","false","","All expected physical instances have source-backed contours, following printed leaders and visible assembly correspondence. Existing geometry preserved.","","/drawings/ft3w/ft3w-electric-11-2.png","/review/figures/fig-electric-11-2"
"fig-electric-11-2","Overhead controls","fp-11-2-07","7","85-00012","Bluetooth radio","1","1","1","0","0","1","0","0","match","false","","All expected physical instances have source-backed contours, following printed leaders and visible assembly correspondence. Existing geometry preserved.","BLUETOOTH RADIO OPTION (88-00011)","/drawings/ft3w/ft3w-electric-11-2.png","/review/figures/fig-electric-11-2"
"fig-electric-11-2","Overhead controls","fp-11-2-10","10","84-00314","A/c dial controler retrofit","1","0","0","0","0","0","0","1","unmapped","true","A/C retrofit controller row has no leader or separate hardware drawing. PDF page49 depicts a dial controller at ref4 but does not identify an additional ref10 contour.","A/C retrofit controller row has no leader or separate hardware drawing. PDF page49 depicts a dial controller at ref4 but does not identify an additional ref10 contour.","CONVERT DIGITAL OLD CONTROLLER INTO DIAL. COMES WITH PROBES. COMES WITH 84-00279","/drawings/ft3w/ft3w-electric-11-2.png","/review/figures/fig-electric-11-2"
"fig-electric-11-2","Overhead controls","fp-11-2-09","","84-00279","A/c controller bezel","1","0","0","0","0","0","0","1","unmapped","true","Source parts-list remark explicitly says NOT SHOWN. No physical contour fabricated.","Source parts-list remark explicitly says NOT SHOWN. No physical contour fabricated.","NOT SHOWN","/drawings/ft3w/ft3w-electric-11-2.png","/review/figures/fig-electric-11-2"
"fig-electric-11-2","Overhead controls","fp-11-2-08","","85-00014","Speaker jensen","2","0","0","0","0","0","0","2","unmapped","true","Source parts-list remark explicitly says BLUETOOTH RADIO OPTION (88-00011) - NOT SHOWN. No physical contour fabricated.","Source parts-list remark explicitly says BLUETOOTH RADIO OPTION (88-00011) - NOT SHOWN. No physical contour fabricated.","BLUETOOTH RADIO OPTION (88-00011) - NOT SHOWN","/drawings/ft3w/ft3w-electric-11-2.png","/review/figures/fig-electric-11-2"
"fig-electric-11-2","Overhead controls","fp-11-2-11","","89-00102","Tt evo 12v diesel - toggle switch","1","0","0","0","0","0","0","1","unmapped","true","Source parts-list remark explicitly says REPLACEMENT SWITCH FOR WEBASTO COOLANT HEATER (NOT SHOWN). No physical contour fabricated.","Source parts-list remark explicitly says REPLACEMENT SWITCH FOR WEBASTO COOLANT HEATER (NOT SHOWN). No physical contour fabricated.","REPLACEMENT SWITCH FOR WEBASTO COOLANT HEATER (NOT SHOWN)","/drawings/ft3w/ft3w-electric-11-2.png","/review/figures/fig-electric-11-2"
"fig-electric-11-3","Fuse box & firewall","fp-11-3-01","1","49-00021","Incliometer","1","1","1","0","0","1","0","0","match","false","","All expected physical instances have source-backed contours, following printed leaders and visible assembly correspondence. Existing geometry preserved.","","/drawings/ft3w/ft3w-electric-11-3.png","/review/figures/fig-electric-11-3"
"fig-electric-11-3","Fuse box & firewall","fp-11-3-02","2","45-00013","Fuse holder with cover","4","4","4","0","0","1","3","0","match","false","","All expected physical instances have source-backed contours, following printed leaders and visible assembly correspondence. Existing geometry preserved.","","/drawings/ft3w/ft3w-electric-11-3.png","/review/figures/fig-electric-11-3"
"fig-electric-11-3","Fuse box & firewall","fp-11-3-03","3","45-00016","Relay socket with relay","7","7","7","0","0","1","6","0","match","false","","All expected physical instances have source-backed contours, following printed leaders and visible assembly correspondence. Existing geometry preserved.","","/drawings/ft3w/ft3w-electric-11-3.png","/review/figures/fig-electric-11-3"
"fig-electric-11-3","Fuse box & firewall","fp-11-3-04","4","41-00031","Danfoss controller","1","1","1","0","0","1","0","0","match","false","","All expected physical instances have source-backed contours, following printed leaders and visible assembly correspondence. Existing geometry preserved.","","/drawings/ft3w/ft3w-electric-11-3.png","/review/figures/fig-electric-11-3"
"fig-electric-11-3","Fuse box & firewall","fp-11-3-05","5","43-00012","Ecm hatz","1","1","1","0","0","1","0","0","match","false","","All expected physical instances have source-backed contours, following printed leaders and visible assembly correspondence. Existing geometry preserved.","Hatz OEM Part","/drawings/ft3w/ft3w-electric-11-3.png","/review/figures/fig-electric-11-3"
"fig-electric-11-3","Fuse box & firewall","fp-11-3-06","6","39-00196","Hatz main relay board assy","1","1","1","0","0","1","0","0","match","false","","All expected physical instances have source-backed contours, following printed leaders and visible assembly correspondence. Existing geometry preserved.","Hatz OEM Engine Relay Board","/drawings/ft3w/ft3w-electric-11-3.png","/review/figures/fig-electric-11-3"
"fig-electric-11-3","Fuse box & firewall","fp-11-3-07","7","49-00176","Fuse box","2","2","2","0","0","1","1","0","match","false","","All expected physical instances have source-backed contours, following printed leaders and visible assembly correspondence. Existing geometry preserved.","","/drawings/ft3w/ft3w-electric-11-3.png","/review/figures/fig-electric-11-3"
"fig-electric-11-3","Fuse box & firewall","fp-11-3-08","8","49-00306","Mini power distribution module","1","1","1","0","0","1","0","0","match","false","","All expected physical instances have source-backed contours, following printed leaders and visible assembly correspondence. Existing geometry preserved.","","/drawings/ft3w/ft3w-electric-11-3.png","/review/figures/fig-electric-11-3"
"fig-electric-11-3","Fuse box & firewall","fp-11-3-09","9","45-00020","Sealed contactor","1","1","1","0","0","1","0","0","match","false","","All expected physical instances have source-backed contours, following printed leaders and visible assembly correspondence. Existing geometry preserved.","","/drawings/ft3w/ft3w-electric-11-3.png","/review/figures/fig-electric-11-3"
"fig-electric-11-3","Fuse box & firewall","fp-11-3-10","10","45-00010","Mega®/ amg safety fuse block with cover, 300a, 32vdc","1","1","1","0","0","1","0","0","match","false","","All expected physical instances have source-backed contours, following printed leaders and visible assembly correspondence. Existing geometry preserved.","","/drawings/ft3w/ft3w-electric-11-3.png","/review/figures/fig-electric-11-3"
"fig-electric-11-3","Fuse box & firewall","fp-11-3-11","11","45-00012","Common busbar","2","1","1","0","0","1","0","1","shortfall","true","Only leader-11 long busbar at left is identifiable as this part. Large foreground junction illustrations are not safely interchangeable with busbar identity.","Only leader-11 long busbar at left is identifiable as this part. Large foreground junction illustrations are not safely interchangeable with busbar identity.","","/drawings/ft3w/ft3w-electric-11-3.png","/review/figures/fig-electric-11-3"
"fig-electric-11-3","Fuse box & firewall","fp-11-3-12","12","49-00069","Junction block stud","3","1","1","0","0","1","0","2","shortfall","true","Reference12 points to the right foreground junction assembly with four disconnected existing contour fragments, all one physical instance. Other stud/connector shapes vary and do not establish which two additional Qty3 assemblies share the row identity.","Reference12 points to the right foreground junction assembly with four disconnected existing contour fragments, all one physical instance. Other stud/connector shapes vary and do not establish which two additional Qty3 assemblies share the row identity.","","/drawings/ft3w/ft3w-electric-11-3.png","/review/figures/fig-electric-11-3"
"fig-electric-11-3","Fuse box & firewall","fp-11-3-13","13","49-00697","Electric panel","1","1","0","0","1","1","0","0","match","true","Electric panel lies beneath many components and overlaps plate16; separating its visible strips from the adjacent electronic-card plate is ambiguous.","Electric panel lies beneath many components and overlaps plate16; separating its visible strips from the adjacent electronic-card plate is ambiguous.","","/drawings/ft3w/ft3w-electric-11-3.png","/review/figures/fig-electric-11-3"
"fig-electric-11-3","Fuse box & firewall","fp-11-3-14","14","49-00370","Ecm hatz support","1","1","0","0","1","1","0","0","match","true","Firewall backing plate is heavily overlaid by electronics; exact ownership of interrupted panel edge and cutouts remains unresolved.","Firewall backing plate is heavily overlaid by electronics; exact ownership of interrupted panel edge and cutouts remains unresolved.","","/drawings/ft3w/ft3w-electric-11-3.png","/review/figures/fig-electric-11-3"
"fig-electric-11-3","Fuse box & firewall","fp-11-3-15","15","49-00626","Electrical panel","1","1","1","0","0","1","0","0","match","false","","All expected physical instances have source-backed contours, following printed leaders and visible assembly correspondence. Existing geometry preserved.","","/drawings/ft3w/ft3w-electric-11-3.png","/review/figures/fig-electric-11-3"
"fig-electric-11-3","Fuse box & firewall","fp-11-3-16","16","30-00116","Electronic card plate","1","1","0","0","1","1","0","0","match","true","Electronic-card plate overlaps lower electric panel13 and mounting subplates; exact component boundary cannot be isolated without crossing adjacent material.","Electronic-card plate overlaps lower electric panel13 and mounting subplates; exact component boundary cannot be isolated without crossing adjacent material.","","/drawings/ft3w/ft3w-electric-11-3.png","/review/figures/fig-electric-11-3"
"fig-electric-11-3","Fuse box & firewall","fp-11-3-17","17","49-00698","Electric panel","2","1","1","0","0","1","0","1","shortfall","true","One leader-17 mounting subplate is identifiable under main-relay board. Detached blank panels have a source conflict (ref18) and cannot be assigned to second Qty2 panel by elimination.","One leader-17 mounting subplate is identifiable under main-relay board. Detached blank panels have a source conflict (ref18) and cannot be assigned to second Qty2 panel by elimination.","","/drawings/ft3w/ft3w-electric-11-3.png","/review/figures/fig-electric-11-3"
"fig-electric-11-3","Fuse box & firewall","fp-11-3-18","18","39-00197","Glow plug relay 12v","1","1","0","0","1","1","0","0","match","true","PDF page50 shows a small glow-plug relay above firewall near Ref15. Current PNG instead places Ref18 on a detached blank panel at lower right; no corresponding glow-relay shape exists. Source conflict, not not-shown classification.","PDF page50 shows a small glow-plug relay above firewall near Ref15. Current PNG instead places Ref18 on a detached blank panel at lower right; no corresponding glow-relay shape exists. Source conflict, not not-shown classification.","","/drawings/ft3w/ft3w-electric-11-3.png","/review/figures/fig-electric-11-3"
"fig-electric-11-4","Lights","fp-11-4-01","1","42-00005","Front light far flood 12v","2","2","2","0","0","1","1","0","match","false","","All expected physical instances have source-backed contours, following printed leaders and visible assembly correspondence. Existing geometry preserved.","SPOT AKA HIGH BEAM","/drawings/ft3w/ft3w-electric-11-4.png","/review/figures/fig-electric-11-4"
"fig-electric-11-4","Lights","fp-11-4-02","2","42-00007","Front light near flood 12v","2","1","1","0","0","1","0","1","shortfall","true","Only one lower-front reference2 lamp is separately identified; other side is not visible in this perspective.","Only one lower-front reference2 lamp is separately identified; other side is not visible in this perspective.","FLOOD AKA LOW BEAM","/drawings/ft3w/ft3w-electric-11-4.png","/review/figures/fig-electric-11-4"
"fig-electric-11-4","Lights","fp-11-4-03","3","42-00017","Front led strip","2","1","1","0","0","1","0","1","shortfall","true","One front strip appears at lower right. Opposite side is hidden by cab body.","One front strip appears at lower right. Opposite side is hidden by cab body.","","/drawings/ft3w/ft3w-electric-11-4.png","/review/figures/fig-electric-11-4"
"fig-electric-11-4","Lights","fp-11-4-04","4","42-00002","Marker lamp","2","1","1","0","0","1","0","1","shortfall","true","One tiny amber marker at lower right is exposed; opposite marker lies on unseen vehicle side.","One tiny amber marker at lower right is exposed; opposite marker lies on unseen vehicle side.","AMBER","/drawings/ft3w/ft3w-electric-11-4.png","/review/figures/fig-electric-11-4"
"fig-electric-11-4","Lights","fp-11-4-05","5","86-00085","Side led bar","4","4","4","0","0","1","3","0","match","false","","All expected physical instances have source-backed contours, following printed leaders and visible assembly correspondence. Existing geometry preserved.","SIDE LED WORKING LIGHT OPTION (88-00260)","/drawings/ft3w/ft3w-electric-11-4.png","/review/figures/fig-electric-11-4"
"fig-electric-11-4","Lights","fp-11-4-06","6","42-00001","Rear light","2","1","1","0","0","1","0","1","shortfall","true","One rear lamp is detached on left; second rear lamp is obscured on opposite side of cab.","One rear lamp is detached on left; second rear lamp is obscured on opposite side of cab.","","/drawings/ft3w/ft3w-electric-11-4.png","/review/figures/fig-electric-11-4"
"fig-electric-11-4","Lights","fp-11-4-07","7","86-00084","CURVED LED BAR 21.5"" 10 800 Lm","2","2","2","0","0","1","1","0","match","false","","All expected physical instances have source-backed contours, following printed leaders and visible assembly correspondence. Existing geometry preserved.","FRT / REAR LED OPTIONS (88-00270) & (88-00271)","/drawings/ft3w/ft3w-electric-11-4.png","/review/figures/fig-electric-11-4"
"fig-electric-11-4","Lights","fp-11-4-08","8","42-00015","Beacon light (6 leds)","4","1","1","0","0","1","0","3","shortfall","true","One leader8 tiny beacon is exposed. Other small unlabeled strokes near cabin are not sufficient to identify three additional beacons.","One leader8 tiny beacon is exposed. Other small unlabeled strokes near cabin are not sufficient to identify three additional beacons.","BEACON LIGHTS OPTION (88-00035)","/drawings/ft3w/ft3w-electric-11-4.png","/review/figures/fig-electric-11-4"
"fig-electric-11-4","Lights","fp-11-4-09","9","82-00277","Led bar support","1","1","1","0","0","1","0","0","match","false","","All expected physical instances have source-backed contours, following printed leaders and visible assembly correspondence. Existing geometry preserved.","FRONT LED BAR OPTION (88-00270)","/drawings/ft3w/ft3w-electric-11-4.png","/review/figures/fig-electric-11-4"
"fig-electric-11-4","Lights","fp-11-4-10","10","82-00276","Led bar support","1","1","1","0","0","1","0","0","match","false","","All expected physical instances have source-backed contours, following printed leaders and visible assembly correspondence. Existing geometry preserved.","FRONT LED BAR OPTION (88-00270)","/drawings/ft3w/ft3w-electric-11-4.png","/review/figures/fig-electric-11-4"
"fig-electric-11-4","Lights","fp-11-4-11","11","82-00285","Rear led bar right bracket (miroir de 82-00284)","1","1","1","0","0","1","0","0","match","false","","All expected physical instances have source-backed contours, following printed leaders and visible assembly correspondence. Existing geometry preserved.","REAR LED BAR OPTION (88-00271)","/drawings/ft3w/ft3w-electric-11-4.png","/review/figures/fig-electric-11-4"
"fig-electric-11-4","Lights","fp-11-4-12","12","82-00284","Rear led bar left bracket (miroir de 82-00285)","1","1","1","0","0","1","0","0","match","false","","All expected physical instances have source-backed contours, following printed leaders and visible assembly correspondence. Existing geometry preserved.","REAR LED BAR OPTION (88-00271)","/drawings/ft3w/ft3w-electric-11-4.png","/review/figures/fig-electric-11-4"
"fig-electric-11-4","Lights","fp-11-4-13","13","49-00005","Back-up alarm","1","1","1","0","0","1","0","0","match","false","","All expected physical instances have source-backed contours, following printed leaders and visible assembly correspondence. Existing geometry preserved.","","/drawings/ft3w/ft3w-electric-11-4.png","/review/figures/fig-electric-11-4"
"fig-electric-11-4","Lights","fp-11-4-14","","85-00067","Grote search light","1","0","0","0","0","0","0","1","unmapped","true","Source parts-list remark explicitly says SEARCH LIGHT OPTION (88-00240) - NOT SHOWN. No physical contour fabricated.","Source parts-list remark explicitly says SEARCH LIGHT OPTION (88-00240) - NOT SHOWN. No physical contour fabricated.","SEARCH LIGHT OPTION (88-00240) - NOT SHOWN","/drawings/ft3w/ft3w-electric-11-4.png","/review/figures/fig-electric-11-4"
"fig-electric-11-5","4-way backup camera option (88-00255)","fp-11-5-02","1","85-00035","Surface mount forward facing camera with ir1, 33' cable","1","1","1","0","0","1","0","0","match","false","","All expected physical instances have source-backed contours, following printed leaders and visible assembly correspondence. Existing geometry preserved.","Comes with 33' of cable","/drawings/ft3w/ft3w-electric-11-5.png","/review/figures/fig-electric-11-5"
"fig-electric-11-5","4-way backup camera option (88-00255)","fp-11-5-03","2","85-00033","Surface mount left side camera with ir, 33' cable","1","1","1","0","0","1","0","0","match","false","","All expected physical instances have source-backed contours, following printed leaders and visible assembly correspondence. Existing geometry preserved.","Comes with 33' of cable","/drawings/ft3w/ft3w-electric-11-5.png","/review/figures/fig-electric-11-5"
"fig-electric-11-5","4-way backup camera option (88-00255)","fp-11-5-04","3","85-00034","Surace mount right side camera","1","1","1","0","0","1","0","0","match","false","","All expected physical instances have source-backed contours, following printed leaders and visible assembly correspondence. Existing geometry preserved.","Comes with 33' of cable","/drawings/ft3w/ft3w-electric-11-5.png","/review/figures/fig-electric-11-5"
"fig-electric-11-5","4-way backup camera option (88-00255)","fp-11-5-05","4","85-00031","Backup camera, 16' cable","1","1","1","0","0","1","0","0","match","false","","All expected physical instances have source-backed contours, following printed leaders and visible assembly correspondence. Existing geometry preserved.","Comes with 16' of cable","/drawings/ft3w/ft3w-electric-11-5.png","/review/figures/fig-electric-11-5"
"fig-electric-11-5","4-way backup camera option (88-00255)","fp-11-5-06","5","89-00056","Front camera shim","1","1","1","0","0","1","0","0","match","false","","All expected physical instances have source-backed contours, following printed leaders and visible assembly correspondence. Existing geometry preserved.","","/drawings/ft3w/ft3w-electric-11-5.png","/review/figures/fig-electric-11-5"
"fig-electric-11-5","4-way backup camera option (88-00255)","fp-11-5-07","6","85-00031","Backup camera, 16' cable","1","1","0","0","1","1","0","0","match","true","Reference6 points at an oblique rear camera bracket/shim, while imported row describes Backup camera 16ft cable and reference4 is the camera itself. Shape-to-part identity remains inconsistent; no new contour assigned.","Reference6 points at an oblique rear camera bracket/shim, while imported row describes Backup camera 16ft cable and reference4 is the camera itself. Shape-to-part identity remains inconsistent; no new contour assigned.","","/drawings/ft3w/ft3w-electric-11-5.png","/review/figures/fig-electric-11-5"
"fig-electric-11-5","4-way backup camera option (88-00255)","fp-11-5-08","7","89-00057","Support camera latérale [3d printed]","2","2","2","0","0","1","1","0","match","false","","All expected physical instances have source-backed contours, following printed leaders and visible assembly correspondence. Existing geometry preserved.","LEFT & RIGHT","/drawings/ft3w/ft3w-electric-11-5.png","/review/figures/fig-electric-11-5"
"fig-electric-11-5","4-way backup camera option (88-00255)","fp-11-5-09","8","49-00004","Grommet 4""","1","1","1","0","0","1","0","0","match","false","","All expected physical instances have source-backed contours, following printed leaders and visible assembly correspondence. Existing geometry preserved.","","/drawings/ft3w/ft3w-electric-11-5.png","/review/figures/fig-electric-11-5"
"fig-electric-11-5","4-way backup camera option (88-00255)","fp-11-5-10","9","49-00005","Back-up alarm","1","1","1","0","0","1","0","0","match","false","","All expected physical instances have source-backed contours, following printed leaders and visible assembly correspondence. Existing geometry preserved.","","/drawings/ft3w/ft3w-electric-11-5.png","/review/figures/fig-electric-11-5"
"fig-electric-11-5","4-way backup camera option (88-00255)","fp-11-5-11","10","85-00032","7"" digital quad view color monitor with built-i1n dvr","1","1","1","0","0","1","0","0","match","false","","All expected physical instances have source-backed contours, following printed leaders and visible assembly correspondence. Existing geometry preserved.","(OPTION 88-00255) 4-WAY CAMERA MONITOR","/drawings/ft3w/ft3w-electric-11-5.png","/review/figures/fig-electric-11-5"
"fig-electric-11-5","4-way backup camera option (88-00255)","fp-11-5-12","11","85-00030","Monitor mount","1","1","1","0","0","1","0","0","match","false","","All expected physical instances have source-backed contours, following printed leaders and visible assembly correspondence. Existing geometry preserved.","(OPTION 88-00255)","/drawings/ft3w/ft3w-electric-11-5.png","/review/figures/fig-electric-11-5"
"fig-electric-11-5","4-way backup camera option (88-00255)","fp-11-5-13","","46-00006","Backup camera cable 5m","1","0","0","0","0","0","0","1","unmapped","true","Source parts-list remark explicitly says NOT SHOWN. No physical contour fabricated.","Source parts-list remark explicitly says NOT SHOWN. No physical contour fabricated.","NOT SHOWN","/drawings/ft3w/ft3w-electric-11-5.png","/review/figures/fig-electric-11-5"
"fig-electric-11-5","4-way backup camera option (88-00255)","fp-11-5-01","","85-00011","Backup camera w/ hardware","1","0","0","0","0","0","0","1","unmapped","true","Source parts-list remark explicitly says HARDWARE INCLUDES MONITOR - NOT SHOWN. No physical contour fabricated.","Source parts-list remark explicitly says HARDWARE INCLUDES MONITOR - NOT SHOWN. No physical contour fabricated.","HARDWARE INCLUDES MONITOR - NOT SHOWN","/drawings/ft3w/ft3w-electric-11-5.png","/review/figures/fig-electric-11-5"
"fig-electric-11-5","4-way backup camera option (88-00255)","fp-11-5-14","","85-00040","Camera screen mounting plate","1","0","0","0","0","0","0","1","unmapped","true","Source parts-list remark explicitly says NOT SHOWN. No physical contour fabricated.","Source parts-list remark explicitly says NOT SHOWN. No physical contour fabricated.","NOT SHOWN","/drawings/ft3w/ft3w-electric-11-5.png","/review/figures/fig-electric-11-5"
"fig-accessories-12-1","Service & speciality tool","fp-12-1-01","1","46-00023","Can gateway cable cg150-2","1","0","0","0","0","0","0","1","unmapped","true","PDF page53 section12.0 explicitly marks CAN gateway cable reference1 NOT SHOWN; source PNG contains only installation tool4.","PDF page53 section12.0 explicitly marks CAN gateway cable reference1 NOT SHOWN; source PNG contains only installation tool4.","CABLE FOR SERVICE TOOL","/drawings/ft3w/ft3w-accessories-12-1.png","/review/figures/fig-accessories-12-1"
"fig-accessories-12-1","Service & speciality tool","fp-12-1-02","2","46-00024","Can gateway cable cg150-2 / serial adaptor","1","0","0","0","0","0","0","1","unmapped","true","PDF page53 section12.0 explicitly marks serial-adaptor cable reference2 NOT SHOWN; source PNG contains only installation tool4.","PDF page53 section12.0 explicitly marks serial-adaptor cable reference2 NOT SHOWN; source PNG contains only installation tool4.","CABLE FOR SERVICE TOOL","/drawings/ft3w/ft3w-accessories-12-1.png","/review/figures/fig-accessories-12-1"
"fig-accessories-12-1","Service & speciality tool","fp-12-1-03","4","92-00094","Ft3/ft5 poclain installation tool","1","1","1","0","0","0","1","0","match","false","","All expected physical instances have source-backed contours, following printed leaders and visible assembly correspondence. Existing geometry preserved.","OEM TOOL FOR HYDROSTATIC MOTOR INSTALL","/drawings/ft3w/ft3w-accessories-12-1.png","/review/figures/fig-accessories-12-1"
